artist_id,artist_name
K8vZ917hjk7,Sylvie
K8vZ91713Gf,Widespread Panic
K8vZ9179Xc7,Sinatra Meets The Sopranos
K8vZ917jrdf,Vegyn
K8vZ9175sMf,Day Out with Thomas
K8vZ917prOf,El Gato con Botas
K8vZ9175svf,House of Blues Gospel Brunch
K8vZ917hsF0,Punk Rock Brunch: Hits from the 90’s & Y2K
K8vZ917j7CV,Ninja Kidz
K8vZ917_kt7,Rock & Luchas
K8vZ9175FBV,Morning Melodies
K8vZ917KB87,Whitney
K8vZ917r6TV,Bob Marley Hope Road The Show
K8vZ91733KV,Parkeerkaarten Arenapoort
K8vZ9171f_f,Peter Cincotti
K8vZ9171ng0,Rehab
K8vZ917G5gV,All Time Low
K8vZ917hp5V,Madilyn Mei
K8vZ9171CG7,Foreigner
K8vZ917GrQf,The Musical Box
K8vZ917_Njf,Lola Young
K8vZ917qLl7,kwn
K8vZ9171Kv7,Brandy
K8vZ917KOMf,Hippie Sabotage
K8vZ9174U6V,Post Animal
K8vZ917GPZV,Black Violin
K8vZ9171if7,LINKIN PARK
K8vZ9172_m7,Of Monsters and Men
K8vZ917QvR7,BabyTron
K8vZ9175WGV,The Fab Four
K8vZ9179uW0,King Princess
K8vZ917fGx0,Allan Rayman
K8vZ9175uh0,THRICE
K8vZ917C_4f,Black Jacket Symphony
K8vZ917G170,A Day To Remember
K8vZ917j2o0,RIIZE
K8vZ9171ft7,Lee Rocker
K8vZ9173SVV,Madhuri Dixit
K8vZ917qeuV,Maddox Batson
K8vZ917QDc0,Knox
K8vZ917hOe0,Vitamin String Quartet
K8vZ917rpkf,Røz
K8vZ9171Inf,Twiztid
K8vZ9171Yqf,MANIA: The ABBA Tribute
K8vZ91718af,Acoustic Alchemy
K8vZ917p700,grandson
K8vZ917p3V0,Loathe
K8vZ917hfL7,NSQK
K8vZ9171V47,Sam Bush
K8vZ9175TXf,Streetlight Manifesto
K8vZ917u_4V,Pouya
K8vZ917rP8V,3Quency
K8vZ917hKNV,Richy Mitch & The Coal Miners
K8vZ9171Fjf,The B-52s
K8vZ917r4R0,54 Ultra
K8vZ917Q-MV,Gabzy
K8vZ9171h90,Dru Hill
K8vZ917bqMf,UMI
K8vZ9171sw0,Lila Downs
K8vZ917G9xV,Steel Panther
K8vZ917brmf,The Music of Hans Zimmer & Others
K8vZ91793K7,The Happy Fits
K8vZ917GwI0,Jason Bonham's Led Zeppelin Evening
K8vZ9174n57,Matt Maltese
K8vZ917o7X7,Whiskerman
K8vZ9171480,Everclear
K8vZ917fApV,Rich The Kid
K8vZ91753o0,The Used
K8vZ9175no7,Rumours of Fleetwood Mac
K8vZ917_TO7,PinkPantheress
K8vZ9173ysf,Little Simz
K8vZ9179d0f,Stand Atlantic
K8vZ9174Un7,Pedro Capo
K8vZ917hmK7,Abhijeet Bhattacharya
K8vZ917jZu0,Khamari
K8vZ91715Gf,WAR
K8vZ9175_T7,The Mars Volta
K8vZ917hdF7,The Rock Orchestra By Candlelight
K8vZ9171KKf,Goodie Mob
K8vZ917juOf,Odeal
K8vZ9171uq0,Paul McCartney
K8vZ917ukUV,Jabbawockeez
K8vZ917uu_f,Arturo O'Farrill
K8vZ917GnFf,Mucca Pazza
K8vZ917G78V,Great Lake Swimmers
K8vZ9173YE7,Halsey
K8vZ917p-Jf,The Band CAMINO
K8vZ917bGiV,Worakls
K8vZ917oXAf,The Beaches
K8vZ9173x1V,Edna Vazquez
K8vZ9174My0,J.I.D
K8vZ917CiIV,Horace Pinker
K8vZ917KM-f,Fiestas de Octubre
K8vZ9175gb0,The Australian Bee Gees (Vegas)
K8vZ9171_T7,The Disco Biscuits
K8vZ917544V,Maroon 5
K8vZ9175_R0,MercyMe
K8vZ917K0e0,Alessia Cara
K8vZ917Qc77,Frost Children
K8vZ917bx2V,Club Seating: Paramount Theatre
K8vZ917QxyV,Teen Mortgage
K8vZ917hYfV,Thomas Day
K8vZ9171T17,Hoodoo Soul Band
K8vZ9179rEV,Hotel Mira
K8vZ9171_27,Strung Out
K8vZ917qIL7,Rienda Real
K8vZ9173S47,Pluto
K8vZ917QE80,Banda Corona Del Rey
K8vZ917C830,Alice Smith
K8vZ9178xmf,Fit for a King
K8vZ9171wrV,Blue October
K8vZ917j68V,Dylan Gossett
K8vZ9179sGf,Angela Aguilar
K8vZ917jOU0,Good Neighbours
K8vZ917qxPV,Chelo
K8vZ917j5H7,saturdays at your place
K8vZ917ovw7,Nahko
K8vZ9171Vv0,Scott Robinson & Bronze Nemesis
K8vZ917qO_V,Adrian Lyles
K8vZ9172dKf,Action/Adventure
K8vZ9171Kyf,MANÁ
K8vZ917CzpV,LEISURE
K8vZ9179PM7,Marc Rebillet
K8vZ9171KfV,Garbage
K8vZ9172TsV,MJ LIVE - Michael Jackson Tribute
K8vZ917_JZV,Junior H
K8vZ917frKV,Margo Price
K8vZ917GHV7,Revocation
K8vZ917Gzof,Leeland
K8vZ917fwO7,Zakk Sabbath
K8vZ917Qi-0,Hulder
K8vZ917hv9f,Quevedo
K8vZ9174VxV,Tee Grizzley
K8vZ917rEl0,Sk8star
K8vZ917GQq7,The Brian Jonestown Massacre
K8vZ917GDg7,Lord Huron
K8vZ917_P67,Harmless
K8vZ9172IRV,Donny Edwards
K8vZ917bfp0,Soul of Motown
K8vZ9178UXf,The Dream Syndicate
K8vZ9172b3V,Robert Glasper
K8vZ917_Ki0,Breakup Shoes
K8vZ9171hSf,The Rocky Horror Picture Show
K8vZ91712CV,Little River Band
K8vZ91718f0,Robert Cray Band
K8vZ9171K37,Alanis Morissette
K8vZ917bomV,Benny The Butcher
K8vZ9171ohV,Penn & Teller
K8vZ9171GRV,New Kids On the Block
K8vZ917QK-0,Destin Conrad
K8vZ917QdXV,That Mexican OT
K8vZ917_3Zf,Ariel Posen
K8vZ9175AT7,Starling
K8vZ917fimV,Kodak Black
K8vZ917bK77,Dijon
K8vZ91718N0,ZZ Top
K8vZ917hKR0,Stephen Wilson Jr.
K8vZ9171Ru0,Sigur Ros
K8vZ917Qhf7,Mora
K8vZ917QvB0,JW Francis
K8vZ9179C27,Psychedelic Porn Crumpets
K8vZ917uCY7,Hot 8 Brass Band
K8vZ917_pJ7,D Smoke
K8vZ917rE00,Extra Small
K8vZ917pHC0,bbno$
K8vZ917Qnj0,Topology
K8vZ917hm0V,Defected
K8vZ9178lH7,Serial Killaz
K8vZ9171360,Engelbert Humperdinck
K8vZ917u_p0,U.I.L. State Marching Band Contest
K8vZ9174lJ0,Ahmet Aslan
Z6HyzZyMZ1kukAsvz,Melis Fis
Z6HyzZyMZ1kGt-bP6,Ayna
K8vZ9175hbf,Arch Enemy
Z6HyzZyMZ1ko7bvka,Hulusi Gökmeşe
Z6HyzZyMZ1kGy194Y,HiraiZerdüş
K8vZ91713uV,The Offspring
K8vZ917Kyw7,Radio X
K8vZ9174jn0,Xavier Omar
K8vZ9174Es0,City Of Caterpillar
Z6HyzZyMZ1A8AVZp,Aşkın Nur Yengi
Z6HyzZyMZ1k3okpov,DJ Serkan Öz
K8vZ917r1cf,Mari Froes
K8vZ9171aPV,Candy Dulfer
K8vZ91710rf,The Psychedelic Furs
K8vZ917r9gV,"Afsky, Myrdal"
K8vZ917Qjw0,Benson Boone
K8vZ917oDlf,Busted vs McFly
K8vZ9172XPV,Seven Lions
K8vZ917Q5uV,Citizen Soldier
K8vZ917GdAV,Australian Pink Floyd Show
K8vZ917be9f,ROLE MODEL
K8vZ917uoMV,The Headhunters
K8vZ917f29f,Palace Winter
K8vZ9174QP7,Joy Crookes
K8vZ917ppm0,Leven Kali
K8vZ9173bFV,Turnstile
K8vZ917q1gV,Cliffords
K8vZ917Kzi0,Palaye Royale
K8vZ917Q0A7,Joey Valence & Brae
K8vZ917qyEf,Aaron Rowe
K8vZ917KWbV,Maren Morris
K8vZ9179imV,Steam Down
K8vZ917KhuV,Hard Life
K8vZ917q1g7,Allie Sherlock
K8vZ917GA9V,Pendulum
K8vZ917bvg0,Michael Commins
K8vZ9173c-f,Penny & Sparrow
K8vZ917hTXf,Evening Elephants
K8vZ917Cfh0,John Maus
K8vZ917KUff,Loyle Carner
K8vZ9175JDV,John Butler
K8vZ9175zNV,ABC
K8vZ917faHV,Ravyn Lenae
K8vZ9179TF7,Rose Betts
K8vZ917bVSf,Jamie Webster
K8vZ9172GS0,Durand Bernarr
K8vZ9175uw0,CKY
K8vZ917Qx_f,RØRY
K8vZ917uZR0,Aesthetic Perfection
K8vZ917pZgf,Lil Tracy
K8vZ917p5Ef,Great Grandpa
K8vZ917jb-V,Malcolm Todd
K8vZ91733vf,Kae Tempest
K8vZ9171ueV,Bob Dylan
K8vZ917fqJ7,Joep Beving
K8vZ917qy2V,Skeete
K8vZ917G7Yf,Big Country
K8vZ917K7E7,GIMS
K8vZ9178PgV,Tom Odell
K8vZ917baB7,Wombo
K8vZ9179Mb7,MONO
K8vZ917bOTV,Sam Wills
K8vZ917oAtV,The Stylistics
K8vZ917oilf,Gwenno
K8vZ917Q5G7,piri & tommy
K8vZ9178TG7,Justin Hayward
K8vZ91715T0,Suzanne Vega
K8vZ917QIKV,Mamalarky
K8vZ917j2I7,Nemo
K8vZ9172OM0,Robert Mizzell
K8vZ917Q3H0,Victoria Racing Club
K8vZ917piXV,Cheeky Monday
Z7r9jZaFkP,Vince Giordano
K8vZ917uP3V,Vince Giordano and the Nighthawks
K8vZ9174Uu0,Hot Mulligan
K8vZ917fxJV,The Wrecks
K8vZ91718b7,Simply Red
K8vZ9171bXf,Dan Bern
K8vZ917_6rf,Australian Turf Club
K8vZ91711ef,Sarah McLachlan
K8vZ917QiKf,Arcy Drive
K8vZ917Gdw0,Sophie Ellis-Bextor
K8vZ917QnT0,Ari Abdul
K8vZ917q2x7,Joel Sunny
K8vZ917_sIV,Boyish
K8vZ9174rRV,Viagra Boys
K8vZ9175gZf,Il Divo
K8vZ917pob7,Mac Ayres
K8vZ917hL8f,Iam Tongi
K8vZ917hjcV,OsamaSon
K8vZ917rkk7,Yaelokre
K8vZ9175YRf,Patrick Wolf
K8vZ917h4_V,French Police
K8vZ9179p57,Lebanon Hanover
K8vZ917rnkV,The Boojums
K8vZ917GeP0,The Wombats
K8vZ9172Bn0,Atlas Genius
K8vZ917rvD0,Chezile
K8vZ917pZXV,Matt Maeson
K8vZ917Q4T7,Mothé
K8vZ917ppk0,Mating Ritual
K8vZ91718oV,Richard Thompson
K8vZ91712lf,Robert Plant
K8vZ917pHL0,Hobo Johnson
K8vZ9173Pe0,SUSTO
K8vZ917CDEV,State Champs
Z7r9jZa5Nt,Heather Maloney
K8vZ917heN7,Rachel Grae
K8vZ917hYb0,Carpenters Legacy
K8vZ9172NxV,Ulcerate
K8vZ917h8cf,Leon Thomas
K8vZ917CiZ0,PURITY RING
K8vZ9173twV,Triathalon
K8vZ91749z0,Shoshana Bean
Z7r9jZa8Kj,Ketch Secor
K8vZ917oCK7,Andres Cepeda
K8vZ91751-V,Joe Bonamassa
K8vZ917qeFV,Cameron Whitcomb
Z7r9jZa1Ri,Corbin
K8vZ917rnk0,Howl Owl Howl
K8vZ917GIIV,Open Mic Night
K8vZ91799X7,KennyHoopla
K8vZ9178j1V,JMSN
K8vZ9171bfV,John Fogerty
K8vZ917K5F0,Big Thief
K8vZ917jRz0,INOHA
K8vZ917563f,Charmaine Neville Band
K8vZ9171ugV,Bryan Adams
K8vZ9172zj0,Kevin Gates
K8vZ917QE6f,Soul Man Sam
K8vZ917hN7V,Jutes
K8vZ9178TS7,Ben Kenney
K8vZ917b7i7,Yungeen Ace
K8vZ9175YVV,Jesse McCartney
K8vZ917QxD7,200 Stab Wounds
K8vZ9179nCf,The Beths
K8vZ917pkD0,Durand Jones & The Indications
K8vZ917rY9f,Awful Christine
K8vZ917GRKf,Leif Vollebekk
K8vZ917hZD7,156/Silence
rZ5wJzynMZyJyZ1AvjIQK,
K8vZ917hzn7,Noah Floersch
K8vZ917jCM7,Violent Vira
K8vZ917uFU7,Tame Impala
K8vZ91718R0,David Byrne
K8vZ917hfg7,Mon Rovia
K8vZ91718-V,YES
K8vZ917b7Pf,IC3PEAK
Z7r9jZa2-0,Noga Erez
K8vZ917_qH7,Willi Carlisle
K8vZ917_xL7,DOECHII
K8vZ9171GzV,Wayne Newton
K8vZ9171G4f,GWAR
K8vZ917CiBV,EDEN
K8vZ9173Pi0,LAUNDRY DAY
K8vZ917rL-0,Midnight Til Morning
K8vZ917GWb0,Like Moths To Flames
Z7r9jZa8TM,NoSo
K8vZ917oG47,Adam Doleac
K8vZ917Q607,Lexa Gates
K8vZfZ7tdIk,FACS
K8vZ917q5x7,Michael Sanzone
K8vZ917r5V7,EVIL DEAD IN CONCERT
Z7r9jZa2Sx,Petey USA
K8vZ9171bdf,Rufus Wainwright
K8vZ917_hNf,Peter McPoland
K8vZ917GP5f,Ariel Pink
K8vZ9175NLf,Rachael Yamagata
K8vZ917pWA7,Bladee
K8vZ9179YL7,Leonid & Friends
K8vZ91718KV,Rick Springfield
K8vZ9174bB7,Lukas Nelson
K8vZ9172kS7,Spafford
K8vZ917hb4f,ThxSoMch
K8vZ917rOHf,The Lions Christchurch Schools' Music Festival
K8vZ9171fw7,Oasis
K8vZ917rfM0,LEAO
K8vZ917QimV,Kaylee Bell
K8vZ9171Ci0,Cowboy Junkies
K8vZ917ucnf,Lil Jon
K8vZ917hr00,Evan Honer
K8vZ917rNSV,Cabaret at Teatro
K8vZ917Gv47,The Animals
K8vZ917r2W7,Marks kommun
Z6HyzZyMZ1k3v03J8,Rıza Tamer
Z6HyzZyMZ1ku8_evS,Rewşan
Z6HyzZyMZ1A38EoY,Selçuk Balcı
Z6HyzZyMZ1k3bFaok,Mass Of The Ferme
K8vZ917GR17,Mass of the Fermenting Dregs
Z6HyzZyMZ1k77jPPZ,Oğuz Aksaç
Z6HyzZyMZ1Ao87-8,Özgür Aydın
Z6HyzZyMZ1A8jEON,Burçin Büke
Z6HyzZyMZ1kf7jFxd,Aziz Shokhakimov
Z6HyzZyMZ1kf8uyAO,Onur Türe
ZaHyzZyMZda,Ezginin Günlüğü
K8vZ917rcp0,louse
K8vZ917rnh7,TERJUNGENSEMBLE
K8vZ917p12f,KARSU
Z6HyzZyMZ1kG-PN8Z,Derya Bedavacı
Z6HyzZyMZ1k3okpoZ,DJ Mert Aslan
K8vZ917oWIV,Princess Nokia
K8vZ917KjbV,Teoman
K8vZ9178Sj0,Five
K8vZ917bQCf,Till Lindemann
K8vZ917_vYf,Thornhill
K8vZ917qyZf,Sam Garrett
Z6HyzZyMZ1kf8oxqs,Ali Onur Olgun
K8vZ91745q7,Bad Cop Bad Cop
K8vZ917fQi7,Too Many Zooz
Z6HyzZyMZ1k8Oe7_I,Amo988
Z6HyzZyMZ1kevb8-v,İrem Candar
K8vZ917hccV,Ronnie Romero
K8vZ917qCZf,Daisy Veacock
K8vZ917_AL7,NewDad
K8vZ9175tB0,Wednesday 13
K8vZ9179Va7,Black Sabbitch - A Tribute to Black Sabbath
K8vZ917jJX0,Saya Gray
K8vZ917GwMV,Monophonics
K8vZ917huHf,Roller Derby
K8vZ917ppt0,Blue Lab Beats
K8vZ917KaU7,Jay Prince
K8vZ917K2xV,Oh Wonder
K8vZ917hQP0,James Marriott
K8vZ917rCHV,Our Man In the Field
K8vZ91714d0,Marilyn Manson
K8vZ917Qymf,Mia Wray
K8vZ917riCf,Belle Livingstone's 58th Street Country Club
K8vZ917hA-0,Hanabie.
K8vZ917p7Z7,Litany
K8vZ91798t7,Emma-Jean Thackray
K8vZ917Gn27,The Birthday Massacre
K8vZ917rP40,Native James
K8vZ917bPf7,PENGSHUi
K8vZ91714Lf,Autechre
K8vZ91719mf,Saxon
K8vZ917GhHV,Lord of the Lost
K8vZ917bop0,The Red Clay Strays
K8vZ9179MS0,Sophie and the Giants
K8vZ917q-60,Choose Love
K8vZ917rfuV,Saint Demarcus
K8vZ917rYUf,Kurios Oranj
K8vZ9178Uof,Hawklords
Z6HyzZyMZ1koU4-jg,Mansur
K8vZ917pUIf,Harrison Storm
K8vZ917GPeV,Perfume Genius
K8vZ917qDgV,MIRADOR
K8vZ917Go7V,Lady Gaga
K8vZ917_pK7,Barbara Pravi
K8vZ9179XF7,Percival
K8vZ917jLpV,Lathe of Heaven
K8vZ917pD-0,Cleopatrick
K8vZ917bJEf,Divide and Dissolve
K8vZ917qzy7,Jamie Duffy
K8vZ917jyQf,Hank Heaven
K8vZ917CUN0,Rosie
K8vZ91719wf,Bow Wow Wow
K8vZ917jjD0,Rat Pack Swingin' at The Sands
K8vZ917p44V,Matteo Bocelli
K8vZ917j_-7,Remember Monday
K8vZ917rOP0,Golomb
K8vZ917o27f,Daliso Chaponda
K8vZ9172uqV,Marcus Bonfanti
K8vZ917G4L0,Julian Lage
K8vZ917Qd7V,Slater
K8vZ9178Ee7,Brett Young
K8vZ917jtZ7,Effie Neill
K8vZ917uly7,Luke Jackson
K8vZ917qwKV,The Definitive Rat Pack
K8vZ917r7o7,Lenny Pearce
K8vZfZ7tA7k,Sanguisugabogg
K8vZ917GI6f,Born of Osiris
Z7r9jZaaLJ,Thank You For The Music
Z7r9jZa8cO,Sunami
K8vZ9175Chf,Kathleen Edwards
K8vZ9172KD7,Krisiun
K8vZ917b_y0,Lil Tecca
K8vZ917K5V7,From Ashes To New
K8vZ917ba-f,ASTN
K8vZ9175JO7,Minus the Bear
K8vZ917_xgV,Lil Darkie
K8vZ917QIhV,Rocket
K8vZ917Gbl7,Richie Kotzen
Z7r9jZa5LC,Anciients
K8vZ9179_p7,LOVEBITES (JPN)
K8vZ917Gmkf,The Infamous Stringdusters
K8vZ917bsF7,S.G. Goodman
K8vZ917ur17,Tall Tall Trees
K8vZ917GQef,The Temper Trap
K8vZ917Kq4f,Billy Raffoul
K8vZ917QJp0,Taylor Acorn
K8vZ917KLZ7,Playboi Carti
K8vZ917okiV,Andy Bell
K8vZ9171bd7,My Life with the Thrill Kill Kult
K8vZ917GVq7,Set It Off
K8vZ9171oLf,Blues Traveler
K8vZ9171K30,Patti Smith
K8vZ917_9Z7,Mammoth
K8vZ9178QEf,Home Free
K8vZ917hKRV,VOILÀ
K8vZ917pQJ0,SF9
K8vZ917qaE7,PlayStation: The Concert
K8vZ917hryf,Twilight In Concert
K8vZ917KQQV,Scott Bradlee's Postmodern Jukebox
K8vZ9175T17,Jonas Brothers
K8vZ9171ac7,Herbie Hancock
K8vZ917GiAV,Greensky Bluegrass
K8vZ9171aW0,Yo Yo Ma
Z7r9jZa8Rw,MANIA: The ABBA Tribute
K8vZ917uhlV,The Revivalists
K8vZ9178hU0,Steve Hackett
K8vZ9171LC7,Josh Ritter
K8vZ91712j0,Peter Frampton
K8vZ917oAHf,Tasha Cobbs Leonard
K8vZ917q2T7,Hannah Bahng
K8vZ917jBuV,Abi Carter
K8vZ9175Ei7,John Legend
K8vZ917qVg0,asiris
K8vZ917QmmV,Prince of Eden
K8vZ917Gzw7,Tye Tribbett
K8vZ9173-lV,Sabrina Carpenter
K8vZ9175W6f,IAMX
K8vZ917GmVf,Beach Fossils
K8vZ917GPE7,Jamey Johnson
K8vZ9172o-0,The Motet
K8vZ917fREV,Boris
Z7r9jZauQk,A Tribute to Barbra Streisand
K8vZ9171Ft7,GBH
K8vZ917C1Mf,The Barr Brothers
K8vZ917GtU7,Robbie Schaefer
Z7r9jZa2gW,Hotel Mira
K8vZ91711d7,Shenandoah
K8vZ9171is7,Grand Ole Opry
K8vZ917KMC7,The Walters
K8vZ917u6W7,Micky Dolenz
K8vZ9171K40,Boney James
K8vZ917GnjV,John Primer
K8vZ917pxl0,Cory Wong
K8vZ917GWo7,Skyzoo
K8vZ9171z4V,Plain White T's
K8vZ917_I6V,Nick Shoulders
K8vZ917_NM7,GIVEON
K8vZ917heM7,Reneé Rapp
K8vZ917uV0f,Joanne Shaw Taylor
K8vZ917G9sf,Boyce Avenue
K8vZ9171uAf,Boz Scaggs
K8vZ917jDh0,The King Comes Home
K8vZ917rPqf,WENDY
K8vZ917p7Jf,The Aces
K8vZ9179SG7,ERNEST
Z7r9jZausM,Kolton Moore
K8vZ9171Ncf,Ronnie Baker Brooks
K8vZ9173Oo0,Little Big
K8vZ9171Fvf,Morrissey
K8vZ917Qea7,P1Harmony
K8vZ9175prV,Atreyu
K8vZ917hVUV,The Rock Orchestra
K8vZ917hRa0,Jake Minch
K8vZ9175-f7,Fado
K8vZ917h7s7,they are gutting a body of water
Z7r9jZaoli,Rexx Life Raj
Z7r9jZa2sJ,Pinkshift
K8vZ917GaG7,Ryan Bingham
K8vZ917bn4f,Greet Death
K8vZ9175gP0,Aly & AJ
K8vZ9173yM7,Børns
Z7r9jZa8Q1,Vampires Everywhere
K8vZ917CLsf,Freak Heat Waves
K8vZ917QKp0,DURRY
K8vZ917j9t0,dreamfone
K8vZ917_QSV,Death to All
K8vZ917GnK0,Abbacadabra
K8vZ917bvcV,Rauw Alejandro
K8vZ917bcy0,Tate McRae
K8vZ917oTG0,Emmanuel & Mijares
K8vZ917rdwV,Whatever Mike
K8vZ917QsI0,Lovejoy
K8vZ917_rk0,Alexandra Kay
K8vZ917_zb7,The 502s
K8vZ9178_57,Lamp
K8vZfZ7tdtk,WILLIS
K8vZ917hjLf,Labyrinth
K8vZ917jyBf,Waylon Wyatt
K8vZ9171fT0,Todd Snider
K8vZ917bxDf,Sub Urban
Z7r9jZa3vi,The Altons
K8vZ9173b87,Kings Kaleidoscope
K8vZ917KaG7,Jonah Marais
K8vZ9174e9V,Brice Long
K8vZ917ozIV,Ty Dolla $ign
K8vZ917fyIV,EDEN
K8vZ917jnRf,Nep
K8vZ9173IQ7,Jack & Jack
K8vZ917rC0V,Nine Vicious
K8vZ9179KH7,Tanukichan
K8vZ917uOQV,Girlfriends
K8vZ917_dm0,Donny Osmond (Las Vegas)
K8vZ9171jj7,Brad Paisley
K8vZ91713KV,Itzhak Perlman
K8vZ917GeEV,Born Ruffians
K8vZ91712sV,Steve Miller Band
K8vZ91719Wf,AFI
K8vZ917qvGf,Jesse Welles
K8vZ917paP0,The Buttertones
K8vZ9171PG0,The Faint
K8vZ917jDsV,POiSON GiRL FRiEND
K8vZ917hucV,Hayden Pedigo
K8vZ917K1t0,Motherfolk
K8vZfZ71FAk,Sir Chloe
K8vZ9179m_0,Ginger Root
K8vZ91718-0,-X-
K8vZ917q7hV,Henrik
K8vZ917phtf,Rico Nasty
K8vZ917K0kV,Tami Neilson
K8vZ917rPF0,Bailey Wiley
K8vZ917fo4V,Lost Frequencies
K8vZ9175UA0,Clap Your Hands Say Yeah
K8vZ917rOu0,Cloning
K8vZ917pFM0,Blood Incantation
K8vZ917rqt0,Frank Sultana
K8vZ917bc_f,Leman Sam
K8vZ917jCv7,Oulun Musiikkijuhlat: Jazz & Etno
K8vZ917qVCV,Carpetman
K8vZ9171wxf,Malevolence
K8vZ917otRV,Zara Larsson
K8vZ9173nd7,As December Falls
K8vZ917GP-0,Volbeat
K8vZ917uO2V,The Plot In You
K8vZ91719-f,Penny Dreadfuls
Z6HyzZyMZ1k8xaZeZ,Touche
K8vZ917bbyf,Haluk Levent
ZaHyzZyMZAF,Kenan Doğulu
K8vZ917q6ff,Dave Lofts
K8vZ917rncf,"Jingle Bell Rock – Reno, NV"
K8vZ91712s0,Stevie Nicks
K8vZ917pl40,Yung Gravy
K8vZ9175LDV,Cattle Decapitation
K8vZ917GPQ7,Chris Young
K8vZ917uMC0,Strangelove: The Depeche Mode Experience
K8vZ9178xc0,Elisapie
K8vZ9178op7,Ekoh
K8vZ917rE57,David Tao
K8vZ917hauV,Dave Fenley
K8vZ917_Jaf,Little Image
K8vZ9173JZf,Jessica Lynn
K8vZ917plXf,Young Culture
K8vZ917f197,China Grove
K8vZ917rRS0,Girls Love Karaoke
K8vZ9173Jvf,Marietta
K8vZ917q2lf,Bay Swag
K8vZ917KB07,Kabaka Pyramid
K8vZ917updV,Billy Walton
K8vZ917Gq17,The Reverend Peyton's Big Damn Band
K8vZ917GmE7,Charles Mingus Orchestra
K8vZ9173LW0,Son Little
K8vZ917KRrV,The Lemonheads
K8vZ9172De0,Earl Sweatshirt
K8vZ917uriV,Memphis May Fire
K8vZ9172Wtf,Pentatonix
K8vZ917hNA7,Black Polish
K8vZ917rlsf,SKAI ISYOURGOD
K8vZ917uF_0,Kayhan Kalhor
K8vZ9171Gff,Death Angel
K8vZ9175Rj0,Mario
K8vZ917o1jV,Charles Esten
K8vZ917GPe7,Avatar
K8vZ917C4SV,Amy Grant & Michael W. Smith
K8vZ91758mf,Blind Guardian
K8vZ9171hjV,Sarah Brightman
K8vZ917q2e7,Damiano David
K8vZ91750Q7,Lalah Hathaway
K8vZ9173YB7,Nate Smith
K8vZ9171RKf,Jagged Edge
K8vZ9171GZf,Tower of Power
K8vZ917_kB0,Dying Wish
K8vZ917rx2V,Wicked For Good
K8vZ917Gi3f,Whitechapel
K8vZ9174O-V,El Alfa
K8vZ917GuR0,Johnny Reid
K8vZ9171nUV,Bone Thugs-N-Harmony
K8vZ917G697,Los Auténticos Decadentes
K8vZ9175hnV,Shawn Desman
K8vZ917GHdV,Pierce The Veil
K8vZ9171hrf,Trey Anastasio
K8vZ917psY7,Gunna
K8vZ917pkj7,Test artist
K8vZ9171L10,Trans-Siberian Orchestra
Z7r9jZa6e2,Empty Pockets Band
K8vZ9171K87,Steven Curtis Chapman
K8vZ917b_LV,The Home Team
K8vZ9172_7f,Blood Orange
K8vZ917rLNV,Ezra Ray Hart
K8vZ917qNbV,Glokk40Spaz
K8vZ917o9DV,Autoheart
K8vZ9175i67,The Dears
K8vZ9171by7,John Scofield
K8vZ917CLXV,Immortal Technique
K8vZ917fZ-0,Ne Obliviscaris
K8vZ917flj0,dvsn
K8vZ9175uPV,Kim Richey
K8vZ9175xq0,Gavin DeGraw
K8vZ917jWCV,Harrison Gordon
K8vZ917q92V,Skrilla
K8vZ917jfR0,Funkee JBeez
K8vZ917GQQ0,Straight No Chaser
K8vZ9175nU0,One Night of Queen
K8vZ91739z0,GoldLink
K8vZ917h577,Elena Rose
K8vZ917p2Pf,Christian Nodal
K8vZ9174wp0,Nick LaVelle
K8vZ917uft7,Damon Fowler
K8vZ9171Ql7,98°
K8vZ917hp70,Better Lovers
K8vZ9173IzV,The Dirty Nil
K8vZ9171tqf,Souls of Mischief
K8vZ917uFrf,Wil Blades
K8vZ917GVR0,Jon Cleary
K8vZ917booV,Vitriol
K8vZ917_mQf,Humbe
K8vZ917__cV,Kenyon Dixon
K8vZ9179DQ7,Foxwarren
K8vZ9171aCf,The Oak Ridge Boys
K8vZ9175fe0,112
K8vZ9175ik7,Say Anything
K8vZ917G5z0,Ingrid Michaelson
K8vZ9171r10,Parliament Funkadelic
K8vZ9171F17,Thomas Dolby
K8vZ917GpH0,Band of Skulls
K8vZ917ugC0,Brett Eldredge
K8vZ917_xW7,Monaleo
Z7r9jZaoCZ,Scorey
K8vZ917QlA7,The Surfrajettes
K8vZ9179vUV,Ho Ngoc Ha
K8vZ917Ck5V,Cesar Rosas
K8vZ9175nZV,Mannheim Steamroller Christmas
K8vZ9174UFf,Adam Hawley
K8vZ917q517,KATSEYE
K8vZ9171Q9f,Ms. Lauryn Hill
K8vZ9171uvV,Billy Idol
K8vZ917KUt0,Out Of Control Army
K8vZ91740rV,James Barker Band
K8vZ917hoV0,Big Sad 1900
K8vZ917GaS0,The Mountain Goats
K8vZ9175NUV,Silverstein
Z7r9jZakTt,Death to All
K8vZ9171uUf,Canned Heat
K8vZ917CuK0,Ninefinger
K8vZ917jcbf,Scarlet House
K8vZ917CYzf,Natalia Jimenez
K8vZ917fYX0,tobi lou
K8vZ9175MJV,The Fall of Troy
K8vZ917oYWf,Reverie
K8vZ9172MXV,The Paladins
K8vZ917QKJV,Fly Anakin
K8vZ9179qkf,Trisha Paytas
K8vZ9172I30,Sammy Adams
K8vZ9175z9f,Jens Lekman
K8vZ9172tE0,The Fab Four - The Ultimate Tribute
K8vZ917GvY7,Joshua Radin
K8vZ9173iJf,The Dead South
K8vZ9171rlf,Machine Head
K8vZ917QS50,Anne Linnet Julekoncerter
K8vZ917rJbf,Tristyn
K8vZ917rbZV,Vinyl Room Access
K8vZ91713wV,Radiohead
K8vZ917f2Zf,Bad Omens
K8vZ917_80f,CG5
K8vZ91712i7,Roxette
K8vZ917ubK0,Hans Zimmer
K8vZ917jry0,Brel ! Le Spectacle
K8vZ917GNYV,Sabaton
K8vZ9178c40,Wolf Alice
K8vZ917brZV,D-Block Europe
K8vZ917uhR0,Joe McElderry
K8vZ917hB97,Arthur Hill
K8vZ917j4EV,Brogeal
K8vZ917fCR0,Teen Suicide
K8vZ9172kEf,Jared James Nichols
K8vZ9171_Lf,Dirty Three
K8vZ917Cjn0,Matthew and the Atlas
K8vZ9178Nb0,Don Broco
K8vZ917j0V0,Alessi Rose
K8vZ917G950,Everything Everything
K8vZ917Gd8f,Amy Macdonald
K8vZ917jfuf,Max McNown
K8vZ9175p40,Onyx
K8vZ9172iYV,Beans On Toast
K8vZ917qSA7,The D.A.M Trilogy
K8vZ917_kof,CMAT
K8vZ917unM7,The Wailers
K8vZ917G2Sf,The Rasmus
K8vZ9175OS7,Dizzee Rascal
K8vZ9175_Zf,Electric Six
K8vZ917Q1oV,Sadie Jean
K8vZ917qMp0,Cameron Winter
K8vZ917CKc0,Deafheaven
K8vZ9171u4V,Judy Collins
K8vZ91742h7,orbit
K8vZ917pp00,IDER
K8vZ917Cyl7,James Arthur
K8vZ91751c0,Walter Trout
K8vZ9179YK0,Anders Blichfeldt - Christmas Gospel
K8vZ917QcB0,The Commoners
K8vZ917r_Af,Calin
K8vZ917rlxf,Magic of Miyazaki. Voice of Japan
K8vZ9172rIV,Alexander Stewart
K8vZ917Qm1f,Cardinal Black
K8vZ917hgSf,Facesoul
K8vZ917jOMf,The Belair Lip Bombs
K8vZ917pfcV,Moncrieff
K8vZ917Qtsf,Nell Mescal
K8vZ9175V3V,Wheatus
K8vZ9178WVV,SOHN
K8vZ917QBoV,Lambrini Girls
K8vZ9175W_f,Reverend & the Makers
K8vZ917Qzv0,Seb Lowe
K8vZ917hRtf,Erin LeCount
K8vZ917hhd0,Keyside
K8vZ917bnE7,Love Actually Live in Concert
K8vZ917GqDV,The Unthanks
K8vZ9175nE7,Babyshambles
K8vZ917QfMf,Caskets
K8vZ917jlkf,Ethan Regan
K8vZ9175sO0,Lou Barlow
K8vZ9172fdV,Cassadee Pope
K8vZ917Gk07,Chiodos
K8vZ917ukE0,Foxy Shazam
K8vZ917q-s0,Maz B
K8vZ917Gs27,Bill Kirchen
K8vZ917QeH7,Sam Greenfield
K8vZ917GdJV,Leftover Crack
K8vZ9171fEV,Michael W. Smith
K8vZ917q5jf,Luvcat
K8vZ9175tO7,George Canyon
K8vZ917Ks90,"Leslie Odom, Jr."
K8vZ91711hV,Dave Koz
K8vZ9171lYf,The Tea Party
K8vZ91710D0,Papa Roach
K8vZ917qgBV,PARTYOF2
K8vZ91714i0,Raekwon
K8vZ917_Ee7,CoComelon
Z7r9jZao2k,Algernon Cadwallader
K8vZ917jrD0,The Band Light
K8vZ91786uV,Lindsey Stirling
K8vZ9175ykf,Little Big Town
K8vZ917oeD0,Nick Mulvey
K8vZ9172lh0,MAGNUSON
K8vZ9175Ylf,Trivium
K8vZ917o4Sf,The Celts
K8vZ917ol9f,Omnium Gatherum
K8vZ917pDI7,Burna Boy
K8vZ917fAG7,Dua Lipa
K8vZ91784bf,mgk
Z7r9jZ1773GA,Spike and the Gimme Gimmes
K8vZ917KqZ7,Anna of the North
K8vZ917CnZV,Stick Men
K8vZ917peVf,Greyhaven
K8vZ917hIX0,Ray Vaughn
K8vZ917GkH0,T.A.T.U.
K8vZ91711q0,David Benoit
K8vZ917bF5V,Pouya
K8vZ917rPOV,Audrey Hobert
K8vZ9178GY0,Public Service Broadcasting
K8vZ917bIV0,FLOW
K8vZ917popf,Lewis Capaldi
K8vZ917ji4V,sombr
K8vZ917o8j0,Chet Faker
K8vZ917G7e0,Cobra Starship
K8vZ9175PN0,Franz Ferdinand
K8vZ917Q47f,Scene Queen
K8vZ917q6B7,Stephen Triffitt
K8vZ917rnl0,Industry Plant
K8vZ917qyHf,TJ Monterde
K8vZ917QS5V,Caroline Henderson Julekoncerter
Z6HyzZyMZ1A9vF4e,Tune - Yards
Z6HyzZyMZ1k8986b3,Cem Erdost İleri
K8vZ917GHD0,Of Mice & Men
K8vZ9172tCf,Nothing More
Z6HyzZyMZ1kfkuebe,Davide Alogna
K8vZ917b54V,Live music
K8vZ917GYbf,Chelsea Grin
Z6HyzZyMZ1k8xv734,Maya Perest
K8vZ9178NWV,Klas Hallberg
K8vZ917Qs-V,The Last Dinner Party
K8vZ9178MkV,The Ruts DC
K8vZ917GuKV,Mumford & Sons
K8vZ9172uKV,Rebecca Ferguson
K8vZ917qJ00,Weather Systems
K8vZ917qN2V,Höhner – Höhner Weihnacht 2025
K8vZ917fxW0,"nothing,nowhere."
K8vZ9175Irf,Tony Hadley
K8vZ9178ck0,British Lion
K8vZ917Gsf0,Dan Mangan
K8vZ917KAq7,October Drift
K8vZ917QKfV,Old Mervs
K8vZ91719y0,Gary Numan
K8vZ917r90V,Window Kid
K8vZ917_wNV,Softcult
K8vZ91793ff,TORS
K8vZ917QIsV,Morgenshtern
K8vZ917ocXf,GoGo Penguin
K8vZ9174jh0,Reverend and the Makers
K8vZ917jOUV,Miss Kaninna
K8vZ917q81f,Soft Loft
K8vZ917_xcf,Julia Wolf
K8vZ917453f,Aminé
K8vZ917hplV,Kingfishr
K8vZ917hZR0,Isabel LaRosa
K8vZ917qp50,oreglo
K8vZ917riMf,Mnelia
K8vZ9175VC0,Cliff Richard
K8vZ9172VY0,Crobot
K8vZ917rQL0,DANCÆ
K8vZ9178GYf,Adept
K8vZ917hhzf,Aephanemer
Z6HyzZyMZ1keKC4qe,Cemiyette Pişiyorum
K8vZ917G1yV,Caribou
K8vZ917r_0V,Banda Entopica
K8vZ917135f,Rod Stewart
K8vZ917hmW0,Tream
K8vZ917jROf,Pierre Garnier
K8vZ917pGr0,Phil Campbell & The Bastard Sons
K8vZ91715If,Boyz II Men
K8vZ9171CNV,Kraftwerk
K8vZ91714Wf,Howard Jones
K8vZ917Qnj7,Royel Otis
Z6HyzZyMZ1kevb8Og,Mustafa Özarslan
K8vZ917Cc6f,The Liminanas
K8vZ917qCgf,florence road
K8vZ917q2fV,Mên An Tol
K8vZ917qWXV,tough cookie
K8vZ9179sG0,Ouri
K8vZ917pdM0,Jess and the Bandits
K8vZ9174dGV,Martin Kerr
K8vZ9175RXf,Christy Moore
K8vZ917jLl7,Glue Trip
K8vZ917hCL0,Vienna Light Orchestra
K8vZ917188f,Queensryche
K8vZ9173mP7,Qw4rtz
K8vZ917_Wrf,Marina Satti
K8vZ9174KAf,Duke Special
K8vZ917oiQf,PVRIS
K8vZ917_hG0,Spiritbox
K8vZ9178A1f,Mac DeMarco
K8vZ9172rR0,for KING & COUNTRY
Z7r9jZ177fuI,Partyof2
K8vZ917r5uf,Eliza Niemi
K8vZ917Qf2V,James and the Cold Gun
K8vZ917b2dV,24kgoldn
K8vZ91714j7,Tab Benoit
K8vZ9173yWf,Corbin
K8vZ9171uCV,Debby Boone
K8vZ917rPE0,Lucy Bedroque
K8vZ917rhp7,Paul Lay
K8vZ9171fs0,Aimee Mann
K8vZ9179I87,Motor City Live
K8vZ917Gerf,The Besnard Lakes
K8vZ9175P67,The Tenors
K8vZ917G5cV,Jonathan Coulton
K8vZ9171K4V,Jim Brickman
K8vZ9175JD7,Chicago Symphony Orchestra
K8vZ917Giw7,A Peter White Christmas
K8vZ917KaIf,Choir! Choir! Choir!
K8vZ9171sr0,Béla Fleck & the Flecktones
K8vZ9174HJ7,Jessie Reyez
K8vZ9174WF0,Nobro
K8vZ91728E7,Highly Suspect
K8vZ9178Aj0,All Them Witches
K8vZ917GWN0,The English Beat
K8vZ91741l7,Ghost-Note
K8vZ917r1_7,Mark and Maggie O'Connor
K8vZ9173nh0,Waterparks
K8vZ9171C8V,Heart
K8vZ91711dV,Trisha Yearwood
Z7r9jZa8bV,Billie Marten
K8vZ917GyaV,S. Carey
K8vZ9171LQf,106.1 KISS FM's Jingle Ball
K8vZ917bIQf,Dickies Arena Suites
K8vZ917oNSV,PUP
K8vZ917G1wV,Jesse & Joy
K8vZ917qIuV,Pigeon Pit
K8vZ917_Jlf,Xavi
K8vZ9174Md7,Devendra Banhart
K8vZ917_QCV,KiNG MALA
K8vZ9175wP7,Celtic Woman
K8vZ9171Qmf,Sevendust
K8vZ917uZl7,American Aquarium
K8vZ9171b0f,Erykah Badu
K8vZ917fHw7,Serena Ryder
K8vZ9178Km7,Christmas with the Celts
K8vZ917uLh7,Danny Brown
K8vZ9171gm7,Pedro the Lion
K8vZ9175Tjf,Black Stone Cherry
Z7r9jZa8UX,Sydney Rose
K8vZ917GUTV,Phil Wickham
K8vZ9171Cl7,Motion City Soundtrack
K8vZ9173Sn0,Saba
K8vZ91710p0,Cursive
K8vZ917_Jsf,Sofía Valdés
K8vZ917KyLf,Xavier Wulf
K8vZ9171Q4f,Patty Griffin
K8vZ917Gj2f,Ana Popovic
K8vZ917_F7f,Primitive Man
K8vZ9171ma7,Jeff Tweedy
K8vZ9171KB7,Mariah Carey
K8vZ917brhf,Silvana Estrada
Z7r9jZa2ap,UMI
K8vZ9174Bgf,Subtronics
K8vZ917_hY7,BLXST
K8vZ917h1K0,Vincent Lima
K8vZ917hOo0,Daffo
K8vZ917oOyf,Alaska 5000
K8vZ917GcF0,Purple Reign - Prince Tribute
K8vZ917ogXV,The Frights
K8vZ917pXdV,House of Harm
K8vZ917pYpf,Teeks
K8vZ91731L7,DJ Justin Credible
K8vZfZ7vnl6,WARGASM
K8vZ917Ce60,Lorna Shore
K8vZ917KbAV,Sam Austins
K8vZ9171JN0,Colin Hay
K8vZ9171FN7,Crowded House
K8vZ917hdI0,d4vd
K8vZ9174mDV,Rich Brian
K8vZ91728t0,TV Girl
K8vZ917rGY0,"Rise of the Northstar, Deez Nuts, Half Me"
Z6HyzZyMZ1kf8uyA0,Grub Abdal
Z6HyzZyMZ1k7_vz-O,Gülden Karaböcek
K8vZ9171bj7,Stereophonics
K8vZ917Gjof,The Woodentops
Z6HyzZyMZ1A8oOaJ,Hüsnü Arkan
Z6HyzZyMZ1k3bFaoZ,Poizi
K8vZ9178Y17,Yawning Man
K8vZ9172w07,Oslo Kammermusikkfestival
Z5HyzZyMZAvvv,Selda Bağcan
K8vZ9171hN7,Jamiroquai
K8vZ9175RR0,Jools Holland and His Rhythm & Blues Orchestra
K8vZ917oTY0,Mighty Oaks
K8vZ917hTK7,Zach Templar
K8vZ9171y10,Starsailor
K8vZ917hl90,Yoni Mayraz
K8vZ9179iYf,Lebrock
K8vZ917qPFf,The George Michael Singers
K8vZ917G6-0,Twin Atlantic
K8vZ9174HZV,Ryan McMullan
K8vZ917huUV,Beth McCarthy
K8vZ917bVl0,Oklou
K8vZ9175DY7,The Stunning
K8vZ9175neV,Quireboys
K8vZ917K3ZV,House Gospel Choir
K8vZ917CJUV,Aidonia
K8vZ917qT87,MJ Cole
K8vZ917r5QV,anaiis
K8vZ9179_yf,Adam Melchor
K8vZ917rRYf,Campfire: Christmas Country Music Party
K8vZ917p-qf,Sudan Archives
K8vZ9172Nff,Skinny Lister
K8vZ9171iS0,Rahsaan Patterson
K8vZ917qaWf,Piano Bar Soho
K8vZ917qCy0,Jay Phelps
K8vZ917qa0V,Ruthven
Z6HyzZyMZ1k7bOaFS,Sancak
K8vZ917urVV,The Rural Alberta Advantage
K8vZ917_ReV,Ansu
K8vZ917GOd0,John Smith
K8vZ917jLt0,Venna
K8vZ9179Tz0,Kerstin Ott
K8vZ917hfqV,MICO
K8vZ917KyH0,Lottery Winners
K8vZ917hur0,Vilma
K8vZ917rPuf,His Way - Le spectacle hommage à Frank Sinatra
K8vZ917qvHf,Andrea Vanzo
K8vZ917hxtV,Jann
K8vZ917QIS7,Svetlana Loboda
K8vZ917_U9V,01099
K8vZ917fYm7,Duckwrth
Z6HyzZyMZ1kGt-bPZ,Can Ozan
K8vZ917QmR7,BALTHVS
K8vZ917GLIf,Jesca Hoop
K8vZ917qNq0,Fuzz Lightyear
K8vZ917fZxV,Immersion
K8vZ917Qo37,Bricknasty
K8vZ91718dV,Wailers
K8vZ917jsYV,james K
K8vZ917_3aV,Snapped Ankles
K8vZ917q5j7,Disgusting Sisters
K8vZ917rkff,David Bay
K8vZ917hKu0,Billa Joe
K8vZ917ufM0,The Million Dollar Quartet
K8vZ917_x47,ABBA Voyage
K8vZ917rEm0,Lil Skag
K8vZ917h4R7,Caoi De Barra
K8vZ917CKBV,Liberty Ellman
K8vZ917ouPV,The Leo Green Experience
K8vZ917Gxef,Adrian Crowley
K8vZ917QiH7,Elle Coves
K8vZ917_Q-f,Noga Erez
K8vZ9171O8f,Boston College Eagles Womens Basketball
K8vZ917KGlV,Jah Wobble
K8vZ917hajV,Oh My God! It's the Church
K8vZ9175sWf,Songdog
K8vZ9173Xw0,The Definitive Rat Pack Christmas Special
K8vZ91711If,Mindi Abair
K8vZ917pgk7,Fishies
K8vZ9171IA0,Dark Star Orchestra
K8vZ9172wd7,Entheos
K8vZ917GsJ7,Allen Stone
K8vZ917G0LV,Koffin Kats
K8vZ917GlA7,A Charlie Brown Christmas
K8vZ9175DHV,Tyler Hilton
K8vZ917p6FV,Ingested
Z7r9jZa2Lj,24kGoldn
K8vZ917Q-a7,The Heavy Heavy
K8vZ9178gU0,Fletcher
K8vZ9178pt7,Sam Smith
K8vZ917rdR7,PRESIDENT
K8vZ917j3q7,"The Army, The Navy"
K8vZ917Chm7,Orleans
K8vZ917CgNV,Jerry Leger
K8vZ9178Y10,Conan
K8vZ9171Q1f,Mustard Plug
K8vZ917hjZ0,Xaviersobased
K8vZ917bty0,Nathalie Simard
K8vZ917uFpV,David Foster
K8vZ9175MOV,New York Philharmonic
K8vZ9175_of,Senses Fail
K8vZ917uXr7,Storm Large
K8vZ9173sCV,Gold Coast Jazz
K8vZ9173BPf,Virginia To Vegas
K8vZ9171jTf,Juvenile
K8vZ917GPhf,Andy Kim
K8vZ9178Es7,Rejjie Snow
K8vZ917rGHf,Ela Taubert
K8vZ917uXLV,Turnpike Troubadours
K8vZ917jr90,Kodoku
K8vZ9171q90,Pittsburgh Symphony Orchestra
K8vZ917G7nV,Portugal. The Man
Z7r9jZauy0,The Surfrajettes
K8vZ9179osf,Armchair Boogie
K8vZ9175Xy7,The Hold Steady
K8vZ91757y7,Mobb Deep
K8vZ917GJWV,Eli Young Band
K8vZ9174Qy7,Tribute to the Beatles
K8vZ91731aV,Bill Cherry
K8vZ9171aVf,Kenny G
K8vZ917r81V,Johnny Mullenax
K8vZ9171Bvf,Tommy Emmanuel
K8vZ9174CCf,Dave Simonett
K8vZ9171220,Loverboy
K8vZ917GMzf,Alicia Witt
K8vZ9175397,Tech N9ne
K8vZ917ovK7,Richard Blackwood
K8vZ9172gVf,Rhythmnreel
K8vZ917q7J7,Sandy Rivera
K8vZ9179qg7,Patronaatje Tot Het Gaatje
K8vZ9175kPV,Kila
K8vZ917rxN0,Alan Thomson's All Stars
K8vZ917QKy7,The Tumbling Paddies
K8vZ91745Pf,All Folk'd Up
K8vZ91713f7,The Philadelphia Orchestra
K8vZ9171KcV,Ozark Mountain Daredevils
K8vZ9171yZ7,Chris Botti
K8vZ917CuDf,Damn the Torpedoes - a Tribute To Tom Petty
K8vZ917Gi87,The Reagan Years
K8vZ917bz7f,The Christi Show featuring Ms. Shirleen
K8vZ91719zf,The Seldom Scene
K8vZ9171FAV,Phish
K8vZ917KCR0,Invincible: A Glorious Tribute to Michael Jackson
Z7r9jZaCQ0,The Cookers
K8vZ917uHuV,Marilyn Maye
K8vZ917r5w0,DJ GallixC
K8vZ917GfR0,Corey Smith
K8vZ917hCI0,Shades of Billy
K8vZ917KVNV,Deuces Wild! Dueling Pianos
K8vZ9172Gt7,Low Cut Connie
K8vZ917pFm7,Daily Bread
Z7r9jZaAiy,Seth MacFarlane
K8vZ917_wq7,Field Day (Sydney)
K8vZ917hQFf,1tbsp
K8vZfZ7vlA6,Gimme Gimme Disco
K8vZ917G-90,David Guetta
K8vZ91714E7,Ekoostik Hookah
K8vZ9175KDV,Railroad Earth
K8vZ917KURf,Fool House
K8vZ917q5-f,Blue Violin Candlelight Christmas
K8vZ917bi57,Joe Samba
K8vZ917G-Vf,Gucci Mane
K8vZ9171DHf,Umphrey's McGee
K8vZ917GgwV,The Avett Brothers
K8vZ917GW_0,Tropidelic
K8vZ917uZLV,Decadence
K8vZ9178Cr7,Dallas Symphony Orchestra
K8vZ917ugOf,Catherine Russell
K8vZ9171bxf,Southern Culture On the Skids
K8vZ917qApf,Disco Dick and The Mirrorballs
K8vZ917hQaf,Mau P
K8vZ91780CV,White Ford Bronco
K8vZ917Gqw0,Eric Lapointe
K8vZ9179rzV,Toque
K8vZ917q8l0,Hot Red Chili Peppers
K8vZ917_RLf,The Taylor Party: Taylor Night
K8vZ917fIvV,San Holo
K8vZ9175Sn0,Gov't Mule
K8vZ917GidV,Futurebirds
K8vZ917QOZ0,Happy Landing
K8vZ9173ux0,Pink Talking Fish
K8vZ9175eD7,Carbon Leaf
K8vZ917uABV,Brad Williams
K8vZ917jpEV,Ole 60
K8vZ9175_b7,Perpetual Groove
K8vZ917Gbh7,Blackberry Smoke
K8vZ917q1ZV,Keinemusik
K8vZ917hht7,Wildlands Festival
K8vZ9174xcf,Ward Davis
K8vZ917uSs0,The Fools
K8vZ917Glh0,Start Making Sense
K8vZ917btK7,Nate Smith
K8vZ91716g7,The Flaming Lips
K8vZ9175pR0,Death By Stereo
ZFr9jZF1v6,Minnesota Orchestra
K8vZ917pF77,Rhapsody In Blue
K8vZ91712Gf,L.A. Guns
K8vZ9174n5V,Parker McCollum
K8vZ9175TqV,Raheem DeVaughn
K8vZ917r07V,New Year's At The Bowl
K8vZ917_c_f,Showtune Productions
K8vZ917peI0,Ludovick Bourgeois
K8vZ9171Kdf,April Wine
K8vZ917_qB7,Jerro
K8vZ917GfO0,Hairball
K8vZ9172uFf,Elvis Experience
K8vZ917Qyyf,Treaty Oak Revival
K8vZ9175wzV,The Dan Band
K8vZ9174taV,Midland
K8vZ91716S0,Dinosaur Jr.
K8vZ917Ce9f,Pigeons Playing Ping Pong
K8vZ9171FbV,The Mavericks
K8vZ9175t2V,Old Crow Medicine Show
K8vZ9171ukf,Bruce Hornsby
K8vZ917oPEf,Ali Siddiq
K8vZ917GSGV,The Polish Ambassador
K8vZfZ7I67k,Sidepiece
K8vZ917ofM0,Eptic
K8vZ917h7Qf,Levity
K8vZ9171bu7,Fountains of Wayne
K8vZ917qF50,Badger
K8vZ917jbZV,Andy Frasco & the U.N.
K8vZ917fav0,The New York Bee Gees
K8vZ9171_If,Galactic
K8vZ9171XU7,Brian Culbertson
K8vZ9171mxf,Old 97's
K8vZ917b3x0,DEHD
K8vZ917paff,Sextile
K8vZ917uGP7,George Lynch
K8vZ91716MV,Goo Goo Dolls
K8vZ9174Ek0,Summer Salt
K8vZ9173zNf,Boots
K8vZ9171JZ0,Karl Denson's Tiny Universe
K8vZ917fkdf,Insomniac Countdown
K8vZ9173uP7,Galantis
K8vZ917p5O0,The Goddamn Gallows
K8vZ9179T37,That Arena Rock Show
K8vZ9171iif,STS9
K8vZ91713DV,Alejandro Escovedo
K8vZ9175s2V,Harlequin
K8vZ917CnnV,Under The Streetlamp
K8vZ9175nff,The Piano Men: The Songs of Elton John and Billy Joel
K8vZ9171SR0,Trooper
K8vZ917qxm7,Material Girls
K8vZ917_p7V,Bruno Mars Las Vegas
K8vZ917CaDV,Moon Taxi
K8vZ917_gDf,Magdalena Bay
K8vZ917G-Zf,The New Mastersounds
K8vZ917uiyV,The Budos Band
K8vZ9171GE7,KC & the Sunshine Band
K8vZ917Gsq7,Eldridge Gravy & the Court Supreme
K8vZ917G-K7,Four Tet
K8vZ91719L0,Local H
K8vZ917C9MV,Pete Escovedo
K8vZ91714c0,Shaggy
K8vZ917GI37,The Molly Ringwalds
K8vZ9171me0,Lettuce
K8vZ917uo3V,Grand Marquis
K8vZ9175hx7,Kings of Leon
K8vZ917_b7f,24K Magic - The #1 Tribute to Bruno Mars
K8vZ9171Kx0,Yo La Tengo
K8vZ9171FBf,Primus
K8vZ9173mrV,Fast Times
K8vZ9171Dm0,Tiësto
K8vZ917GnQV,DJ Pauly D
K8vZ917u4X0,Polyrhythmics
K8vZ9174R10,Kitchen Dwellers
K8vZ91780a7,The Hot Sardines
K8vZ917f0q7,KASBO
K8vZ9171DJf,Jerry Joseph and the Jackmormons
K8vZ917GEzV,Tainted Love
K8vZ917K270,Paul Cauthen
K8vZ917uhyV,Markus Schulz
K8vZ917r0f7,Party Girl - A Night of Party Girl Anthems
K8vZ917rlC7,ORLOVE
K8vZ9171X4V,New Year's Eve Bash
K8vZ9171Fgf,Mudhoney
K8vZ9174hJ7,Emo Night Brooklyn
K8vZ917oK20,The Record Company
K8vZ9173ujV,Rüfüs Du Sol
K8vZ917pkvV,Starcrawler
K8vZ9171l60,Thievery Corporation
K8vZ917GAT7,Jennifer Lopez
K8vZ91719tf,Backstreet Boys
K8vZ917_Xv7,Journey USA
K8vZ917GwJV,Mustache Harbor
Z7r9jZa2to,James Hype
Z7r9jZa8p0,Black Crystal Wolf Kids
K8vZ917KAA7,SLANDER
K8vZ917CUL0,RL Grime
K8vZ917GM-7,Showtek
K8vZ917GPC0,Mike Posner
K8vZ9175IXf,The Iron Maidens
K8vZ9174y8V,Jelly Roll
K8vZ917GmW0,Steve Aoki
K8vZ9175knV,Ying Yang Twins
K8vZ917_pO7,John Summit
K8vZ9171GC7,Salt N Pepa
K8vZ9174pYf,"Frances Yip, Elisa Chan and Maria Cordero"
K8vZ9171nx7,Harlem Gospel Choir
K8vZ917qV97,Ciara Haidar
K8vZ917GOH0,Mike Denver
K8vZ91725zf,The Three Amigos
K8vZ917oP4V,ZZZ
K8vZ917b8z7,Rod Wave
Z7r9jZa2zQ,Hangover Ball
K8vZ917rhtV,Sin City Stones
K8vZ917fZt0,GRYFFIN
K8vZ917Chr0,The Pettybreakers
K8vZ9171FP7,Duran Duran
K8vZ9175sMV,Chromeo
K8vZ917j4w0,Ross Wilson & The Peaceniks
K8vZ9175FMf,Foster & Allen
K8vZ917_6cV,49th & Main
K8vZ917hhef,INJI
K8vZ917q-Q0,Fish56Octagon
K8vZ917faS0,Sam Gellaitry
K8vZ917Gzyf,Super Junior
K8vZ917rmJ0,Divided By Design
Z6HyzZyMZ1k8OCeqO,Petch Mode
K8vZ917KBw0,The Real Thing
K8vZ9171Fz0,Public Image Limited
K8vZ917fGQV,Are You Experienced
K8vZ91757kf,Bad Manners
Z6HyzZyMZ1kf8-zut,Böyleyken Böyle
K8vZ917ohm0,Brothers In Arms
K8vZfZ7aEEk,Dan McCabe
K8vZ91793d0,Take It To the Limit - a Celebration of the Eagles
K8vZ917G5Z7,The High Kings
K8vZ9172br0,The Bjorn Identity
K8vZ917Q1fV,The Motown Sensations
K8vZ9171gIf,Elvis Spectacular
K8vZ9175mkf,Wonder of Stevie
K8vZ917rmlf,Sweet Home Aotearoa
K8vZ9175Xb0,Lez Zeppelin
K8vZ917CvzV,Moonwater
K8vZ9175wm7,Stayin' Alive
K8vZ91740Ff,Stayin' Alive - The Ultimate Bee Gees Show
K8vZ917pN9f,Hommage Elton John - Elton Songs
Z7r9jZaCLi,Final Fantasy: A Symphonic Reunion
K8vZ9179_Z7,Last Train Home
K8vZ917fCN7,Candy Volcano
K8vZ917CWR7,Weatherbox
K8vZ917G1iV,The Felice Brothers
K8vZ9179kPf,Behnam Bani
K8vZ9175Xm0,Mickey Avalon
K8vZ917Cjvf,Davina and the Vagabonds
K8vZ917ri5V,"Ready To Roll: Th’ Dudes, Mockers & Stellar*"
K8vZ917rvDf,Zoso The Ultimate Led Zeppelin Experience
K8vZ917_Uu0,Sean Canan's Voodoo Players
K8vZ917GPh0,Kraig Parker
K8vZ917_ToV,Ronstadt Revival
K8vZ917rlrV,Tommy Oeffling
K8vZ9171ua7,T.S.O.L.
Z7r9jZaoZS,Worakls
K8vZ9173hq0,The Damn Quails
K8vZ917GGef,The Cave Singers
K8vZ9178867,Red Not Chili Peppers
K8vZ917u1F7,The Lumineers
K8vZ917QwEf,I Hate Models
K8vZ917_0wV,glaive
K8vZ91788o0,Mark Battles
K8vZ917bfEV,Aitch
K8vZ917Qm5f,Jane Remover
K8vZ917_FRV,Folamour
K8vZ917hOH7,ABOVE
K8vZ917GPg0,Kenny Bee
K8vZ917rL47,Saturday Soul Lunch
K8vZ917j8dV,Fäaschtbänkler
K8vZ917rl40,Myspace Or Yours?
Z6HyzZyMZ1k7A_AZb,No Land
K8vZ917uwlV,Daft Funk
K8vZ917hBa7,The Kopycat Killers
K8vZ917r4S7,Saxon Sound
K8vZ917rjJ7,Electrik Live Orchestra
K8vZ917rO3f,The Dedication to Phil Lynott
K8vZ917rrY0,ILLEGALLY BLONDIE
K8vZ9175nD0,Abba Gold
K8vZ9174s1f,Dana Winner
K8vZ917r_R0,Het Goede Doel Revival
K8vZ9175nKV,The Fureys
K8vZ917qPVf,Lovebirds
K8vZ917oI20,I Puritani
K8vZ9178i5V,Bad Luck
K8vZ917GtIf,Vanna
K8vZ917Gm77,Voyage - Celebrating The Music of Journey
K8vZ9175GDV,Gogol Bordello
K8vZ917Q-Zf,King George
K8vZ917ruP7,Double Duran
K8vZ917GEzf,Shawn Klush
Z7r9jZ177908,Tom From MySpace
K8vZ917hrXV,Let’s Sing Taylor - A Live Band Experience Celebrating Taylor Swift
K8vZ9171gN0,American English
K8vZ9174z57,Yiyo Sarante
K8vZ917rRof,Seilies
K8vZ9171hyV,Atomic Punks
K8vZ917oS_V,Sweet Baby James
K8vZ917jZhf,"Les meilleurs hits Soul, Motown, Disco avec Freddie James Project"
K8vZ917CPu0,Shaun Johnson
K8vZ917b5DV,Sabbath - The Complete Black Sabbath Experience
K8vZ9175kZ0,1964 The Tribute
K8vZ9175gW7,Colorado Symphony Orchestra
K8vZ917G8R7,The Australian Bee Gees Show (Touring)
K8vZ9173XVV,Nora En Pure
K8vZ917hLkf,Lost Sundays
K8vZ917j217,Mike Sherm
K8vZ9173hRV,Tchami
K8vZ917b1x7,Shaun Cassidy
Z7r9jZaCAy,The True Loves
K8vZ917qJYV,The Monkee Men
K8vZ917qx30,unConventionAl KingZ
K8vZ9171KXf,Jon B.
Z7r9jZao19,Jack Rabbit
K8vZ917oxmf,Maribou State
K8vZ9171u07,Air Supply
K8vZ917_NE0,Nieuwjaarsconcert
K8vZ917rtsV,Squangey Bobbins
K8vZ917uG-0,Elvis Birthday Bash
K8vZ9172iQf,Christopher Ellis
K8vZ9178rfV,Band of Friends
K8vZ917rfUf,Schmaltz & Pepper
K8vZ9175zl7,Anne Hills
K8vZ9175QgV,Copeland
K8vZ9171uqV,Paul Anka
K8vZ917ris0,Sakpase Fest
Z7r9jZa26g,Back to the Garden 1969
K8vZ917h-yf,Fcukers
Z6HyzZyMZ1kf8uyAI,Ramis Sulu
K8vZ917rcY7,A.N.I.
K8vZ9175fA0,Eric Bibb
K8vZ917hFy0,The Music Of The Lord Of The Rings and The Hobbit
K8vZ917hGM0,Prime Orchestra - Rock Sympho Show
K8vZ917pgdV,Natalie Weiss
K8vZ9179y5f,Thomas Gabriel
K8vZ917pNd0,Dean Lewis
K8vZ917upyf,Logan Richardson
K8vZ917fFpf,Kurupt FM
K8vZ917pso0,Andrzej Piaseczny
Z6HyzZyMZ1k8-FMJk,Elena Stikhina
K8vZ9172fW0,Xavier Naidoo
K8vZ9171u5V,Barry Manilow
K8vZ9171c80,Bill Charlap
Z7r9jZaukm,Youth Fountain
K8vZ917pYYV,Madison Cunningham
K8vZ917phPV,Fisherman's Friends
Z6HyzZyMZ1ke3FvFo,Ata Demirer
K8vZ917bdC0,Danielle Nicole
K8vZ917r4Hf,Marine
K8vZ9175AL0,Legends In Concert
K8vZ917jDO0,Sambroso All Stars
K8vZ917j3JV,Apes of the State
K8vZ9171jgV,Chanté Moore
K8vZ917u_V7,Frank Vignola
K8vZ91712Vf,Styx
K8vZ9171J2V,Oscar D'León
K8vZ917h8f0,So Good! The Neil Diamond Experience starring Robert Neary
K8vZ917KQ77,Legends In Concert (Las Vegas)
Z6HyzZyMZ1A8aIqo,Onur Ataman
K8vZ917rJcf,The Last DJ
K8vZ9171Yg7,Ocean Colour Scene
K8vZ917fhj0,Danielle Nicole Band
K8vZ917rYf0,Minne and his Soulmates
K8vZ9173dr0,Alain Souchon
ZFHyzZmzMZ1AakeP8,Itay Zvulun
K8vZ9179_of,What's Love Got to do With it - Tina Turner Tribute
K8vZ917ric0,Jonny Ford
K8vZ917GktV,Chrisette Michele
K8vZ917qUpV,Rehash*
K8vZ91719tV,New Jersey Symphony
K8vZ917uKn7,The California Honeydrops
K8vZ917bt-0,Eggy
K8vZ917u2a0,New World Symphony
K8vZ9171QhV,Neko Case
K8vZ9171ij7,Blue Rodeo
K8vZ917C-Qf,Baltimore Symphony Orchestra
K8vZ917Gsk0,Carolyn Wonderland
Z7r9jZa1zc,Countdown To Ecstasy
K8vZ9175Mn7,Classic Albums Live
K8vZ917uZ6V,Yacht Rock Revue
K8vZ91711tf,Lee Ritenour
K8vZ9174Hqf,PET SOUNDS - Tribute To The Beach Boys
K8vZ917hgJV,West Texas Exiles
K8vZ9171QsV,The Residents
K8vZ917uC1f,Tribute Night
K8vZ91714L0,Ricky Martin
Z7r9jZ1773Zw,The Morgan Wallen Experience
K8vZ917r4M0,Amelia Day
K8vZ91750h0,Rjd2
K8vZ917Q_ff,Chris Stussy
K8vZ917GI_f,Led Zeppelin 2
K8vZ917_Pyf,Dancing in The Shadows of Motown
K8vZ91759bV,mclusky
K8vZ917pnEV,Fleetmac Wood
Z6HyzZyMZ1kAtuEo6,DJ Ali Taş
K8vZ917b050,Cem Adrian
K8vZ917pI4V,Kazik & Kwartet Proforma
K8vZ917jtG0,Polish Metal Alliance
K8vZ917bnrf,Gökhan Türkmen
K8vZ9178ja7,Share a Suite
K8vZ9175tAf,Biffy Clyro
K8vZ9175l60,The Bays
K8vZ917ovof,King King
K8vZ917CaQ7,Antarctic Monkeys
K8vZ9174QNf,UK Foo Fighters (Tribute to Foo Fighters)
K8vZ9175MZV,Discharge
K8vZ917oQzV,Grendel
K8vZ917blG0,AySay
K8vZ917rtiV,String Tribute 2.5
K8vZ917qCn0,Nirvana Czech Tribute Band - In The Name Of Cobain
K8vZ917j0y7,Carmina Burana - Carl Orff
K8vZ917Gt0V,Classic Rock Show
K8vZ917r4q0,Ed Force One
K8vZ917G43V,Livewire AC/DC
K8vZ917GfbV,Fito & Fitipaldis
K8vZ917K44V,Derek Ryan
K8vZ917jCm7,Saadiyat Nights
K8vZ9174i9f,A Neil Diamond Tribute
K8vZ91735k7,Elo Again
K8vZ917qSD0,FiL Straughan
K8vZ917QIt0,Gladde Paling
K8vZ9178D67,General Levy
K8vZ917rK8f,Earlybirds Club
K8vZ917ou5f,Ten
K8vZ917hqLf,The Broken Hearts: Ultimate Tom Petty Tribute
K8vZ9171zt7,Renee Fleming
K8vZ9175zP7,Almost Queen
K8vZ917ufF0,Kayo Dot
K8vZ91712BV,Trixter
K8vZ91711vf,Ricky Skaggs
K8vZ9171Bb0,Charleston Symphony Orchestra
K8vZ917CEG7,Thunderstruck
K8vZ9173TTf,Maurice Mobetta Brown
K8vZ91727UV,The Elvis Tribute Artist Spectacular
K8vZ91749c0,A1A
K8vZ917QJvV,Classic Seger: Bob Seger's Greatest Hits Live!
K8vZ917hgn7,Alter Egos
K8vZ917f9W0,The Four Horsemen
K8vZ9178Sy7,Made In Iron
Z7r9jZ1774OO,Substitute Tales From The Who
K8vZ917uR97,Unforgettable Fire
K8vZ9171GUf,David Wilcox
K8vZ9171C-f,Kansas
K8vZ9175417,Hairball
K8vZ917pNG7,The Teskey Brothers
K8vZ917GEfV,Get the Led Out
K8vZ917GYg7,70 Lewis
K8vZ917hhmf,Joey's Song
K8vZ917fi4V,The Purple Xperience
K8vZ917uQF7,Charlie Parr
K8vZ9171Vjf,Ghostface Killah
K8vZ917Gm3f,The Band Perry
K8vZ91718nV,The Spinners
K8vZ9171E30,Dubuque Fighting Saints
K8vZ917hKwf,Back to the 80's avec NEON
K8vZ9171q97,Nashville Symphony
K8vZ917uPe0,Austra
K8vZ91721oV,Red Hot Summer Tour
K8vZ917jRh0,Neil Forever
K8vZ9179ezf,Rumours ATL
K8vZ9171EQ7,Pure Prairie League
K8vZ91719-7,MxPx
K8vZ9172-Yf,Berner
Z7r9jZaC7l,Emo Night Karaoke
K8vZ9174Wf0,Charley Crockett
K8vZ9171sAf,Anne Wilson
K8vZ9179YTf,Neal Francis
K8vZ917GLYf,Jose James
K8vZ917f85V,Jake Worthington
K8vZ917uu0f,Rhymin-N-Stealin
K8vZ9173fgV,Anesthesia
K8vZ917qBLf,ONEW
K8vZ9175zn0,Zac Brown Band
K8vZ9179jvV,TWICE
K8vZ917uP07,Los Angeles Philharmonic
Z7r9jZa2EB,Graham Good & The Painters
K8vZ9171JuV,Jack Ingram
K8vZ9175ma0,Queen Nation
K8vZ9171fpV,Swingin Utters
K8vZ917ufIf,The Green
K8vZ917_Zg7,The FABBA Show - A Tribute to ABBA
Z7r9jZauhW,Eliminate
K8vZ917_ZQf,Chillinit
K8vZ917pAzV,Boogie T
K8vZ917Kb90,The Space Lady
K8vZ9171x47,Travis
K8vZ9178Oy7,Taylor Made
K8vZ917jbOf,jigitz
K8vZ917hRzf,Accusefive
K8vZ917QMm0,Crowd Lu
K8vZ917rFA7,Otty
K8vZ917_z8V,La machine des enfants
K8vZ917rYuf,OPM Legends
Z6HyzZyMZ1k7A_AZo,Haktan
K8vZ917pPu7,Kazik
K8vZ9174Lvf,Harry Potter and the Goblet of Fire
Z6HyzZyMZ1kuM4zvJ,Çağrı Sinci
K8vZ917GLD7,Nine Below Zero
K8vZ917GexV,From the Jam
K8vZ9172Ub0,Absolute Bowie
K8vZ917q0g7,The Chris Stapleton Experience
K8vZ917G-PV,Guns 2 Roses
K8vZ917GOI7,The Smyths (Tribute to The Smiths)
K8vZ9179O1f,Wrong Jovi
K8vZ9171xMV,Club 80's
K8vZ917_Qsf,Marcus.wav (DK)
K8vZ917bdL0,Radio Guga
K8vZ917Qzz7,Maine Road
K8vZ9172AA7,80's Verantwoord
K8vZ917fqR7,Starman - The Dutch David Bowie Tribute
K8vZ917r_70,The Big Pants Party
K8vZ91739uV,Adventures
K8vZ917rRNV,28 Days Later Live In Concert
K8vZ91756zf,Seb Fontaine
K8vZ9175FxV,Geoff Tate
K8vZ917qET7,Jade LeMac
K8vZ9178ch0,Del Water Gap
K8vZ917u3KV,Matt Andersen
K8vZ917CXRV,Seahaven
K8vZ9171b-f,Jupiter Coyote
K8vZ917QIn7,Emo Night Karaoke
K8vZ917utb7,Robert Davi
K8vZ917uhGV,USS
K8vZ9172SV0,Chris Janson
K8vZ917bbu7,Dry Cleaning
Z7r9jZa2rj,Left To Suffer
K8vZ9178Wxf,Jacob Banks
K8vZ917ucoV,Big Time Rush
K8vZ9172MuV,Tom Hamilton
K8vZ9171nF7,Rascal Flatts
K8vZ9174qXf,Stanaj
K8vZ917r4_V,Nu-Metal Night
K8vZ9175RK7,Enjambre
K8vZ917_xyf,Ellise
K8vZ917rtH7,Galdive
K8vZ9171pVf,Will Downing
K8vZ9178V20,Eaglemania
K8vZ917Gtf7,The Bell Bottom Blues - The Live Eric Clapton Experience Show
K8vZ917fyi0,Still Surfin' - A Musical Tribute To The Beach Boys
K8vZ917hbP7,Demola
K8vZ917GmFf,The Movement
K8vZ9175zpV,Jason Aldean
K8vZ917GP_7,Motion City Soundtrack & Say Anything
K8vZ9175-V7,Los Lonely Boys
K8vZ917_vlV,The Rocket Man Show
K8vZ91752R0,Indianapolis Chamber Orchestra
K8vZ91710s7,The Lovin' Spoonful
K8vZ9171C2V,The Guess Who
K8vZ9171__7,Super Diamond
K8vZ9175j30,Comfortably Numb... Canada's Pink Floyd Show
K8vZ917GrCf,Les Trois Accords
K8vZ9171DFf,Danko Jones
K8vZ9179cD0,Jade Eagleson
K8vZ917bKif,Niko Moon
K8vZ917uMof,Gregory Alan Isakov
K8vZ9175XT7,Dancing with the Stars
K8vZ917u037,Back N Black - Ac/DC Tribute
K8vZ917bcfV,R&B ONLY
K8vZ9171oi7,Cleveland Orchestra
K8vZ917GIG7,Hollywood Nights
K8vZ91748Q0,National Symphony Orchestra
K8vZ9171_p0,Diana Krall
K8vZ9179ixV,Drama
K8vZ9172ouf,Justin Furstenfeld
K8vZ91718q0,Tesla
K8vZ917q0DV,Taper's Choice
K8vZ917hdQV,Olivia Barton
K8vZ9171h50,Donna the Buffalo
K8vZ9171CH7,Grand Funk Railroad
K8vZ9171fh0,David Lee Murphy
K8vZ91715RV,George Clinton
K8vZ917q80V,FJ - A Tribute To Foreigner and Journey
K8vZ9178l5V,Jessie's Girl
K8vZ9174RA7,The Elovaters
K8vZ917_0_7,Jonah Kagen
K8vZ9175zWf,Aaron Lewis
K8vZ917o6UV,Jazz At Lincoln Center Orchestra
K8vZ917KL_0,Dr. Fresch
K8vZ9174T77,Atlanta Symphony Orchestra
K8vZ9175hzV,Kenny Lattimore
K8vZ917hRu7,The Mega Dance Chic Party - Les meilleurs hits Soul & Disco
K8vZ917hb00,Sam Barber
K8vZ9174_k7,Tracy Bonham
K8vZ9171Wbf,Atmosphere
K8vZ917QFQf,The Rush Tribute Project
K8vZ917_QF7,The Rock Gods
K8vZ917jjJV,Violet and the Undercurrents
K8vZ91726j0,Scotty McCreery
K8vZ917brAV,Tyler Braden
K8vZ917ofH0,GHOST
K8vZ9171EX7,Molotov
K8vZ917fIqV,Jackie Venson
K8vZ917GC77,Liverpool Legends
K8vZ917oID0,Yandel
K8vZ9179skV,Rockin'1000
K8vZ9171a8V,Sammy Kershaw
K8vZ917jt3f,GHENGAR
K8vZ917j6h7,ALLEYCVT
K8vZfZ7EtIk,Dogs In A Pile
K8vZ917Cjj7,Steve Martin & Martin Short
Z7r9jZa2U8,La Energia Nortena
K8vZ9175e7f,Paul Thorn
K8vZ9171NCf,Los Tucanes De Tijuana
K8vZ917hR-7,Agriculture
K8vZ917Q4Df,Big Richard
K8vZ917Kku0,Carmina Burana / Serenade
K8vZ9171u70,BoDeans
K8vZ917jsi0,Dorsten
K8vZ917rmQ7,Cate Canning
K8vZ9174wNf,Angelina Jordan
K8vZ91718pf,Santana
K8vZ917_940,Priscilla Block
K8vZ917uQ4f,Saint Motel
K8vZ917Kx00,She Past Away
K8vZ917GpBV,The Antlers
K8vZ917jft0,El Plan
K8vZ9171_aV,Don McLean
K8vZ91718o0,Rezz
K8vZ917G24f,Ceremony
K8vZ9179YX7,INZO
K8vZ917GcuV,Fitz and The Tantrums
K8vZ917pdTf,Tropical F*** Storm
K8vZ917CHcV,Cate Le Bon
K8vZ917G4s7,La Castaneda
K8vZ91723gV,Dirty Dancing in Concert
K8vZ9171xX7,San Francisco Symphony
K8vZ9175jUf,San Diego Symphony Orchestra
K8vZ917ox77,What So Not
K8vZ917jPJf,The Simon & Garfunkel Story (Touring)
K8vZ917_pB7,Yachty By Nature
K8vZ9171Bm7,Blake Shelton
K8vZ9179MmV,Nathan Mitchell
K8vZ91758wf,The Ten Tenors
Z7r9jZa5zQ,Ray Volpe
Z7r9jZa1WV,Ofenbach
K8vZ9175m-f,Charo
K8vZ917_-x0,Layz
K8vZ9175GO0,Ann Hampton Callaway
K8vZ917bE1f,Hybrid Minds
K8vZ9178Xkf,Black Flag
K8vZ91715B7,New Edition
K8vZ917Kdp0,Pigs On the Wing
K8vZ917KUSf,Brody Dolyniuk
K8vZ9171ob7,Eagles
Z7r9jZafo5,JD Simo
K8vZ917udmf,Jason Isbell and the 400 Unit
K8vZ917_YVV,Two Lanes
K8vZ917j7Gf,AO Live
K8vZ917fNP0,ZAYN
K8vZ917fio7,Which Ones Pink
K8vZ917KsnV,Weakened Friends
K8vZ9175nQ7,Jackie Greene
Z6HyzZyMZ1kvdPIpd,Yüzyüzeyken Konuşuruz
ZaHyzZyMZ7F,Gülşen
Z6HyzZyMZ1k34bOay,Hissikablelvuku
Z6HyzZyMZ1k38AbPt,Dj Sercan Umut
K8vZ9179Qrf,Sylo
K8vZ917qaCf,Huddy
K8vZ917uZ67,Wormrot
K8vZ9172ODf,Bastille
Z6HyzZyMZ1kGt-bPA,Emre Fel
Z6HyzZyMZ1A8ASAv,TNK
Z6HyzZyMZ1k7A_AZp,Deniz Tekin
K8vZ917hlEV,Amble
K8vZ917QsWf,Ad Infinitum
K8vZ917r12V,Derya Yildirim
Z6HyzZyMZ1kGMPgqk,Skapova
Z6HyzZyMZ1k7d_PZo,Kamufle
Z6HyzZyMZ1kfkfZC4,Porçay
K8vZ917h5p0,The Amy Winehouse Band
K8vZ9171Ndf,Mike Tramp
K8vZ917h9zV,Will Linley
K8vZ9173bS7,The Wytches
K8vZ917QBJ0,Cloth
K8vZ917o-E0,Martin Stephenson & the Daintees
K8vZ917hTL0,Mackenzy Mackay
K8vZ917b1qV,Ocie Elliott
K8vZ917fgB7,Billie Marten
K8vZ917GdE0,The Skids
K8vZ917poo7,Alfreda!
K8vZ9175n-f,The Subways
K8vZ91712Uf,Sananda Maitreya
K8vZ917jDcV,ian
K8vZ917GZsf,The Manfreds
K8vZ9179oNV,Melt
K8vZ91714H0,Gong
K8vZ9172fu0,The World Is a Beautiful Place & I Am No Longer Afraid To Die
ZFHyzZmzMZ1AavK3_,Kmo Tzemach Bar
Z6HyzZyMZ1kf7jFxe,Bedo
Z6HyzZyMZ1A8aZ3v,Dj Hakan Küfündür
Z6HyzZyMZ1kuE73f-,Organize
Z6HyzZyMZ1k3fbK3K,CEG
Z6HyzZyMZ1Afq4C8,Gülçin Ergül
Z6HyzZyMZ1kvgbAv3,Pera
K8vZ917qWGf,Witch Post
K8vZ917qMr7,Björn Soenens
K8vZ917bxm7,HAUSER
K8vZ917QSH7,Afsky
K8vZ917uJ37,Marc Scibilia
K8vZ9174N4V,dodie
K8vZ917b7J7,Jakuzi
K8vZ917_pU0,Rianne Downey
K8vZ917GzZV,Bahamas
K8vZ917GLr7,Francis Rossi
K8vZ917QNIf,Roland Faunte
K8vZ91714Q7,Echobelly
K8vZ9175mw0,Willy Mason
K8vZ917GdvV,BC Camplight
K8vZ917f32f,Mabel
K8vZ917pfn7,Sports Team
K8vZ917KvPV,Anna Phoebe
K8vZ917_lFf,Dekker
K8vZ9175zuV,Micah P Hinson
K8vZ9179jt7,The Cinelli Brothers
Z6HyzZyMZ1A8FJuZ,Tekfen Filarmoni Orkestrası
K8vZ917_x60,Gag
Z6HyzZyMZ1AouY7J,Sevcan Orhan
Z7r9jZa4cC,ThxSoMch
Z6HyzZyMZ1koU4-jV,Eray067
K8vZ917f2Tf,Makaya McCraven
Z6HyzZyMZ1kf6b9a8,Yeniev
K8vZ9174TZ0,The Breath
K8vZ917jxkf,The Hanging Stars
K8vZ917uTf7,Jamie Lawson
K8vZ917raSV,Croíthe
K8vZ917qgDf,Clutter
K8vZ9172E70,TR Dallas
K8vZ917hAi0,ZALIA
K8vZ917G8Pf,Shwayze
K8vZ917rE77,Taba Chake
K8vZ917uBl0,Paul Sanchez
K8vZ917_ykf,Kerala Dust
K8vZ917qBHf,The Two Lips
K8vZ917jH9f,The Brokes
K8vZ917_Yh7,Tanner Usrey
K8vZ9174zk7,Ski Mask The Slump God
K8vZ917qNq7,East Nash Grass
K8vZ9175EaV,Head Automatica
K8vZ917bI37,Pool Kids
K8vZ917qGh0,Dogma
K8vZ917o6fV,CJ Solar
K8vZ917_YF0,Georgia Harmer
K8vZ9171a70,Dwight Yoakam
K8vZ917hCNV,Layto
K8vZ917j-9f,Meltt
K8vZ91755R7,Seether
K8vZ9171fjV,Terri Clark
K8vZ917qPFV,Dixon Dallas
K8vZ9174TbV,OkCello
K8vZ917GLdf,Kevin Bridges
K8vZ9175xLV,Boys Night Out
Z7r9jZa5y8,Ksenija Sidorova
K8vZ9171Ku7,Michael Feinstein
Z7r9jZausX,Kyung Wha Chung
K8vZ917jDfV,Yung Hood
K8vZ9171hyf,Hot Water Music
K8vZfZ7ItFk,Vended
K8vZ9175Nef,The Bad Plus
K8vZ917uxdV,USF Jazz Ensemble 2
K8vZ9171mo0,Matthew Good
K8vZ9171u0V,Chicago
K8vZ917jCCf,Silvestre y La Naranja
K8vZ917_6ef,Geese
K8vZ917QpKf,Tape B
K8vZ9174Zg7,Not Fade Away
K8vZ917qLMV,elijah
K8vZ917__RV,The Life and Music of George Michael
Z7r9jZa2Si,Bktherula
Z7r9jZaAwi,Nobuyuki Tsujii
Z7r9jZa2cr,Boyish
K8vZ9175ksV,Jerry Douglas
K8vZ9175WR0,Chris Tomlin
K8vZ91780aV,The Lone Bellow
K8vZ9175zw0,Jack's Mannequin
K8vZ9175ya7,Murder By Death
K8vZ9171f30,Kenny Chesney
Z7r9jZa2Uh,Hunter Metts
ZkDnngzZDeq7V3LbvyvCzhxn24BQNy7,Drama Queens
K8vZ91718h0,The Stray Cats
K8vZfZ7tAAk,Pinkshift
K8vZ917QfPV,Leith Ross
K8vZ917uvx7,Charlie Hunter Trio
K8vZ917ooF0,KAYTRANADA
K8vZ917hs2V,SOFIA ISELLA
K8vZ917uMRf,Jessie J
K8vZ9171Ch7,Jeff Lorber Fusion
K8vZ917jDdf,The Band Feel
Z7r9jZaGso,Your Smith
K8vZ917qpk0,South Arcade
K8vZ9171a8f,Randy Travis
K8vZ917GsHV,Heather Maloney
K8vZ91716BV,Hot Tuna
K8vZ917u3A0,Vampires Everywhere
K8vZ9171f6V,Keb' Mo'
K8vZ91719m0,Soulfly
K8vZ91789gf,Willie Watson
K8vZ917raVf,Paige Fish
K8vZ9174mFV,Mo Lowda & The Humble
K8vZ917pvM7,Vedo
Z7r9jZa84h,Water From Your Eyes
K8vZ9171Q37,Martin Sexton
K8vZ917obo7,Smallpools
K8vZ917_Na7,The Sweet Lillies
K8vZ917pEW7,Hobo Johnson & The Lovemakers
K8vZ917bSe0,Tuk Smith and the Restless Hearts
K8vZ917Kom7,Jesse Roper
K8vZ917rGhV,Steffie Beltt
K8vZ9175WyV,Shai Hulud
K8vZ917GR1f,Jason Boland & the Stragglers
K8vZ917rhk0,OSLO
K8vZ917pTD7,Amythyst Kiah
K8vZ917KB4V,Caligaris
K8vZ9172mh0,BADBADNOTGOOD
Z7r9jZa87p,Infinity Song
K8vZ917bg5f,Kameron Marlowe
K8vZ917hsO7,The Living Tombstone
Z7r9jZ177FON,Nik Parr
K8vZ917hae0,Gitkin
K8vZ917Gt8f,Osees
K8vZ917uwdf,Bass Drum of Death
K8vZ9171Cw7,Dokken
K8vZ9174pYV,William Elliott Whitmore
K8vZ9175io0,The Saints
K8vZ917rLuf,Cutta
K8vZ917r_67,Hendrix Frankenreiter
K8vZ917Qca7,Ax and the Hatchetmen
K8vZ917bw87,NBA YoungBoy
K8vZ917rOZV,Kaleb Cohen
K8vZ917hMg7,Avatar - The Last Airbender
K8vZ917oQXf,Goblin
K8vZ9171uzf,Chris Isaak
K8vZ917GkC0,Camila
K8vZ91793t7,Kota the Friend
K8vZ917rmbf,Freshly Brewed
K8vZ9174D00,Cafe Mambo Ibiza
K8vZ917KvBf,Dwayne Gretzky
K8vZ917CRE0,Huge Euge
K8vZ917hJOf,Granny Shot
K8vZ9171pmV,The Spooklights
K8vZ917rY-f,Wonderfunk
K8vZ917uBT7,Massy Ferguson
K8vZ9179KGV,Spazmatics - Las Vegas
K8vZ917C3uf,The Bronx Wanderers
K8vZ917qSnf,The Band Solstice
K8vZ917rYS0,Not for Radio
K8vZ917Gt-0,Dawes
K8vZ917KLwV,Josh Abbott
Z6HyzZyMZ1kGw-sfy,Ati242
Z6HyzZyMZ1k8k-vr9,Azad Bedran
Z6HyzZyMZ1k8FQ3aZ,Teyfik Rodos
K8vZ917q0Cf,Maanu
K8vZ917u5kV,Aloe Blacc
K8vZ917pfHf,Rels B
K8vZ917pDpV,The Midnight
K8vZ917QfR0,dhruv
K8vZ917CAQV,Ed Sheeran
K8vZ9175l_V,Deacon Blue
K8vZ917rI-f,Alex Blake Charlie
K8vZ917_hD7,The Whistlin’ Donkeys
K8vZ917r09V,GirlyPop Live
K8vZ917pid7,Seksendört
K8vZ917Kvt7,RAYE
K8vZ917qTL7,Rekha
ZaHyzZyMZ77,Gökhan Özen
K8vZ917GYgf,Billy Price Band
K8vZ917pU60,Whitney Queen of the Night
Z7r9jZ177FFA,Something In The Way Festival
K8vZ917KQWf,Pierce Brothers
K8vZ9175Sl0,Johnny McEvoy
K8vZ91718NV,Eek-A-Mouse
K8vZ917GhUV,Pentagram
K8vZ917bcc0,Guitarricadelafuente
K8vZ917GGG7,White Lies
K8vZ9179erf,The Trouble Notes
K8vZ917fFV0,CELTIC CONNECTIONS
K8vZ917bVtf,Sagopa Kajmer
K8vZ9171pP7,Deftones
K8vZ917bnA0,Apache 207
K8vZ917bH90,Monet192
K8vZ9178Zl7,Mike Love
K8vZ917Q-L0,A. A. Williams
K8vZ917_b70,Donovan Kingjay
K8vZ917Ko5f,The High Kings
K8vZ917u-Jf,Orianthi
K8vZ91780nV,Brigitte Boisjoli
K8vZ917ovp0,Buddy Holly's Winter Dance Party
K8vZ9171u3f,Frankie Avalon
K8vZ917GnIf,Fan Halen
K8vZ917_9Uf,Left To Suffer
K8vZ9171f3V,Loudon Wainwright III
K8vZ9171c07,Coco Montoya
K8vZ917o58V,Weval
K8vZ9171cl7,Glenn Miller Orchestra
K8vZ917uqdf,Matt Pryor
K8vZ9171KAV,The Pink Floyd Laser Spectacular
K8vZ917QyW0,Bruses
K8vZ917q5H0,The Warped Band - The Ultimate Tribute to Warped Tour
K8vZ917GJLf,Satisfaction - International Rolling Stones Tribute Show
K8vZ917ufa7,Big Richard
K8vZ917bIzV,Sprints
K8vZ9171B17,Explosions In the Sky
K8vZ9171oqV,Big Head Todd & the Monsters
Z7r9jZa2XD,Couch
K8vZ917G0Nf,The Wood Brothers
K8vZ917Gq7f,The Toasters
K8vZ9174TP0,Ondara
K8vZ917_dqV,Aleman
K8vZ917oV9f,Tank and the Bangas
K8vZ9174dSf,Dhafer Youssef
K8vZ9175Zu0,Bastard Sons of Johnny Cash
K8vZ917uNIV,Las Cafeteras
K8vZ9171GN0,Jackson Browne
K8vZ9178UU0,Robin Zander
K8vZ9171j3V,Nas
K8vZ9178fLV,Faye Webster
K8vZ917reRf,Pale Jay
K8vZ917jJ2f,NXCRE & The Villains
K8vZ9171iM7,Yonder Mountain String Band
K8vZ9171Qq7,Subhumans
K8vZ91721P7,Craig Finn
K8vZ917h0qV,Dead On A Sunday
Z7r9jZa2c6,Sir Chloe
K8vZ917C2iV,Ben Nichols
K8vZ917uuy7,Y La Bamba
K8vZ917rbI0,Sunburnt Country
K8vZ917rG-f,Keira Batten Coogan
K8vZ917hbbf,ViViZ
K8vZ917qMM7,Prinnie Stevens
K8vZ9172lY7,The Butlers
K8vZ9175X50,The Veils
K8vZ9178-5f,Katie Noonan
K8vZ917GvSV,Josh Pyke
K8vZ917Q9wV,Lauren Spencer Smith
K8vZ917GALV,Thirsty Merc
K8vZ9171_B7,Zeke
K8vZ917hLAV,ivy Thursdays
K8vZ917bixV,Hussy Hicks
K8vZ917CNAf,Jeff Lang
K8vZ917qMBf,Simon Kvamm: ALLE SANGENE
K8vZ9172Yc7,Oulu Sinfonia
K8vZ917rky0,Below The Neck
ZFHyzZmzMZ1AavK39,Travling Ticket
K8vZ9179fzf,All Improvviso
K8vZ917hc_0,Wiktor Dyduła
ZaHyzZyMZ1A,Yeni Türkü
K8vZ917r00f,Jack Solomons Jazz Club
K8vZ917Kj47,Drab
Z6HyzZyMZ1kuv8-bp,Safiye
Z6HyzZyMZ1k3okpoF,Ruben Monteiro
Z6HyzZyMZ1k34PMb-,DJ Taha Tekin
K8vZ917qFDf,Jakub Skorupa
K8vZ917bQO0,BUNT.
Z7r9jZa8o9,Jamie Webster
ZFHyzZmzMZ1AaZo1o,Dana Ivgy
ZaHyzZyMZ7A,Göksel
ZFHyzZmzMZ1AaZ8-P,Assaf Talmudi
ZFHyzZmzMZ1AavK33,Sounds Of Yemen
K8vZ917G9of,JLS
K8vZ91719U7,Deep Forest
K8vZ917_PZ7,Sam Ryder
K8vZ917jWr0,Sunday (1994)
K8vZ91714I0,Cast
ZFHyzZmzMZ1A6xZ4-,Eviatar Banai
Z6HyzZyMZ1k84uI8k,MLisa
K8vZ9173m4f,The Wanton Bishops
K8vZ9171tNf,Lambchop
K8vZ917fRQf,SPIRIT OF THE BEEHIVE
K8vZ917pNa0,Kayah
K8vZ917hKJ7,Globus Music Club
K8vZ917QQD0,Südpol
ZFHyzZmzMZ1AFJaPN,Hair - Musical
Z6HyzZyMZ1ko60aqv,Dilhan Şeşen
K8vZ9175DDV,The Enemy
K8vZ917bP97,Brothers Moving
K8vZ917pz67,Scarlxrd
K8vZ917ooQV,Aba-Shanti-I
K8vZ9173Hm0,Planet of Zeus
K8vZ917hQrV,The Ultimate Classic Rock Show
K8vZ917rcif,The House Music Orchestra
K8vZ917rxAf,Lily Knott
K8vZ917f84f,Junius Meyvant
K8vZ917rJLV,Jianbo
K8vZ917p0DV,Nation of Language
K8vZ917K9x7,Richie Campbell
K8vZ917_8h7,When Rivers Meet
K8vZ9179Sp0,Chris Holmes
K8vZ917K8CV,Enjoy the Silence
K8vZ917f5_V,BBC Music Introducing
K8vZ9175Etf,Goldie Lookin' Chain
K8vZ917GQo0,Reef
K8vZ917G0EV,Heaven 17
K8vZ917CXy0,Definitely Mightbe (A Tribute to Oasis)
K8vZ917_6e7,Bob Vylan
K8vZ917qk80,Bear Ghost
K8vZ917GkSV,Secondhand Serenade
K8vZ917remf,Benjamin Steer
K8vZ917rPS0,Nashville At Heart
K8vZ917r4FV,Lola So
K8vZ917r0m0,City of London Sinfonia
K8vZ917hhDV,Die Musik von Hans Zimmer
K8vZ9173Twf,Blaue Blume
K8vZ917C977,Daran
K8vZ917QIu0,Late Night Drive Home
K8vZ917qPJV,Marlo Grosshardt
K8vZ9179Bb7,Mild Orange
Z6HyzZyMZ1kGS-Aop,Tuğkan
ZaHyzZyMZdA,Emre Altuğ
K8vZ917oQc0,Amenra
K8vZ917Q0j0,Fievel is Glauque
K8vZ917_xTV,Momma
K8vZ917hQ_V,The Lilacs
K8vZ917qH4V,Pebbledash
K8vZ917rvW0,Matt Wilde
K8vZ917h2uf,Deki Alem
K8vZ917uTk7,Earthtone9
K8vZ9179PeV,Those Damn Crows
K8vZ917oZsf,The Small Fakers
K8vZ9173Y7V,Ward Thomas
K8vZ917Gb-f,Annie Mac
K8vZ9173RJV,The Shires
K8vZ917psM0,Sam Avery
K8vZ917jrFf,Chopsuey
K8vZ917GNq7,Martha Tilston
K8vZ9175RAf,Hugh Cornwell
K8vZ917rAC7,Lack of Afro
K8vZ917r7N7,Riley Mulherkar
K8vZ917_wB7,Bente
K8vZ917f3Cf,ATA KAK
K8vZ9175mcV,The Mersey Beatles
K8vZ917QIC0,Spectral Wound
ZFHyzZmzMZ1AavK38,Piano Violin & Shay
ZFHyzZmzMZ1AaZ378,Noam Rotem
K8vZ917216f,Skinner
K8vZ917_Sf7,Louise Morrissey
ZFHyzZmzMZ1AavK3K,Shuli Rand
ZFHyzZmzMZ1AaZo1K,Hila Ruah
K8vZ917r9C7,The RnB Collective
K8vZ917CIm7,Corona Capital
K8vZ917ji5f,Sin Savers
K8vZ9172L3f,Electric Callboy
K8vZ91780bf,Artikal Sound System
K8vZ9174_R7,Jerry Joseph
K8vZfZ7EEJk,Sydney Sprague
K8vZ917_X50,Carter Vail
K8vZ91783f7,Hail the Sun
K8vZ9173IbV,Riley Green
K8vZ917qpgf,Yuuf
K8vZ917h3m0,Saving Vice
Z7r9jZaCdS,Marielle Kraft
K8vZ91787I0,GRiZ
K8vZ917Cz0f,Rittz
K8vZ917fae0,Poppy
K8vZ917q737,Hank Azaria and the EZ Street Band
K8vZ917uVr7,Fortunate Youth
K8vZ917Kh77,Damn Tall Buildings
K8vZ917fYnf,Ryan Hurd
K8vZ917Csv7,Skizzy Mars
K8vZ917CFjf,H.R.
K8vZ9172KJ7,Pink Mountaintops
K8vZ917qE6V,Lauren Ash
K8vZ917GE9V,Here Come the Mummies
K8vZ917QKSV,Chase Matthew
K8vZ9174Uuf,Belmont
K8vZ917123V,The Marshall Tucker Band
K8vZ9172r_0,Dustin Lynch
K8vZ917GdF7,Skillet
K8vZ917oCM7,Lasso
K8vZ9175Av7,TOBYMAC
K8vZ917pInV,A Story Told
K8vZ917q1aV,Don't Stop I'm About to Jazz
K8vZ917uPm7,The Wailin Jennys
K8vZ917QK3f,Warren Zeiders
K8vZ91745lf,Tuba Skinny
K8vZ91745QV,Jacob Collier
K8vZ9171zVf,Olga Kern
K8vZ917_U4V,Militarie Gun
K8vZ9174Vwf,Sugaray Rayford
K8vZ917uuwV,Yes Ma'am
K8vZ917bARV,Robert Plant presents Saving Grace
K8vZ91715Bf,Peabo Bryson
K8vZ91719RV,Sebastian Bach
K8vZ917GU4f,Lee Brice
ZkDnngzZDduHV4HuXc2bFHEVt3G6GR0,Cancer Is A Joke
Z6HyzZyMZ1kGxpkjY,Retrobüs
Z6HyzZyMZ1ked_UZ8,Doğan Duru
K8vZ917_TIV,Tony & The Kiki
K8vZ917QZZf,SNACKTIME
K8vZ9172CM0,Nye Party
K8vZ9175KoV,Oteil Burbridge
K8vZ917Ccf0,Next of Kin
K8vZ9174IO0,SoDown
K8vZ917q4MV,LIV NYE Week
Z7r9jZauRp,Daft Disko
K8vZ9175zWV,Sixteen Candles
K8vZ917rslV,Gaz Fowler
K8vZ917hpL0,The Ultimate Doors
K8vZ9175SCf,Who's Bad
K8vZ9175WoV,M. Ward
K8vZ917jmh7,Cole Hallman
K8vZ9178wHf,Bad Bad Hats
K8vZ917QQL0,MC Davo
K8vZ9171Kq7,Blackhawk
K8vZ917uZS0,Josh Abbott Band
K8vZ917hrQ7,wes mills
K8vZ9174XuV,Saymyname
K8vZ917Ccrf,ZAZ
K8vZ917G0l0,Jason Derulo
K8vZ917ufVf,Ezra Furman
K8vZ917h_Ef,Rum Jungle
K8vZ917ujv7,Homeboy Sandman
K8vZ9171Fa0,Suede
K8vZ917C-g7,Miles Kane
K8vZ9179WA7,Only the Poets
K8vZ917pvh7,Slaughter To Prevail
K8vZ9174wj0,Dave
K8vZ917Qnkf,DeathbyRomy
K8vZ9175iJV,Cryptopsy
K8vZ917j9bf,Michael Marcagi
K8vZ917r4nf,New Wave in Concert
K8vZ917qNj0,Westside Cowboy
K8vZ917rP0f,Annie & The Caldwells
K8vZ917rjG7,Rising Stars Fife and Drum Band
K8vZ9171I90,Patti LuPone
K8vZ917ruMf,JADE
K8vZ91726U0,Ruston Kelly
